wfo,utc_issue,utc_expire,utc_prodissue,utc_init_expire,phenomena,gtype,significance,eventid,status,ugc,area2d,utc_updated,hvtec_nwsli,hvtec_severity,hvtec_cause,hvtec_record,is_emergency,utc_polygon_begin,utc_polygon_end,windtag,hailtag,tornadotag,damagetag,product_id,fcster,vtec_year
FWD,2026-06-14 22:17,2026-06-15 12:19,2026-06-14 22:17,202606151300,FL,P,W,30,NEW,,67.19111752908911,2026-06-14 20:50,BVWT2,1,ER,NO,False,2026-06-14 22:17,2026-06-15 12:19,,,,,202606142050-KFWD-WGUS44-FLWFWD,Prater,2026
FWD,2026-06-20 01:45,2026-06-20 15:00,2026-06-20 01:45,202606201500,FL,P,W,36,NEW,,67.19111752908911,2026-06-19 14:40,BVWT2,1,ER,NO,False,2026-06-19 20:08,2026-06-19 20:08,,,,,202606191440-KFWD-WGUS44-FLWFWD,Hardy,2026
FWD,2026-06-24 18:00,2026-06-24 02:13,2026-06-24 18:00,202606250600,FL,P,W,43,NEW,,67.19111752908911,2026-06-23 19:07,BVWT2,1,ER,NO,False,2026-06-24 02:13,2026-06-24 02:13,,,,,202606231907-KFWD-WGUS44-FLWFWD-RRA,,2026
FWD,2026-06-02 22:07,2026-06-02 23:00,2026-06-02 22:07,202606022300,SV,P,W,211,NEW,,3297.7837851849786,2026-06-02 22:07,,,,,False,2026-06-02 22:07,2026-06-02 22:30,60.0,1.0,,,202606022207-KFWD-WUUS54-SVRFWD,Shamburger,2026
FWD,2026-06-15 15:16,2026-06-16 01:15,2026-06-15 15:16,202606171400,FL,P,W,31,NEW,,200.12817251211905,2026-06-15 10:24,CMNT2,1,ER,NO,False,2026-06-15 12:43,2026-06-15 12:43,,,,,202606151024-KFWD-WGUS44-FLWFWD,Langfeld,2026
FWD,2026-07-13 03:09,2026-07-13 06:15,2026-07-13 03:09,202607130615,FF,P,W,72,NEW,,900.5974888139773,2026-07-13 03:09,00000,0,ER,OO,False,2026-07-13 03:09,2026-07-13 06:13,,,,,202607130309-KFWD-WGUS54-FFWFWD,Shamburger,2026
FWD,2026-06-06 23:59,2026-06-07 02:00,2026-06-06 23:59,202606070200,FA,P,Y,51,NEW,,1345.3615011889106,2026-06-06 23:59,00000,N,ER,OO,False,2026-06-06 23:59,2026-06-07 02:00,,,,,202606062359-KFWD-WGUS84-FLSFWD,Shamburger,2026
FWD,2026-06-19 21:01,2026-06-20 14:19,2026-06-19 21:01,202606210000,FL,P,W,37,NEW,,207.07858456429483,2026-06-19 21:01,GNVT2,1,ER,NO,False,2026-06-19 21:01,2026-06-20 00:53,,,,,202606192101-KFWD-WGUS44-FLWFWD,Hardy,2026
FWD,2026-06-22 17:15,2026-06-22 20:04,2026-06-22 17:15,202606231200,FL,P,W,40,NEW,,207.07858456429483,2026-06-22 12:58,GNVT2,1,ER,NO,False,2026-06-22 17:15,2026-06-22 20:04,,,,,202606221258-KFWD-WGUS44-FLWFWD,Schroeder,2026
FWD,2026-06-24 17:00,2026-06-24 02:11,2026-06-24 17:00,202606250700,FL,P,W,41,NEW,,207.07858456429483,2026-06-23 19:07,GNVT2,1,ER,NO,False,2026-06-24 02:11,2026-06-24 02:11,,,,,202606231907-KFWD-WGUS44-FLWFWD,,2026
FWD,2026-07-07 01:47,2026-07-07 02:09,2026-07-07 01:47,202607070230,SV,P,W,238,NEW,,565.550232205663,2026-07-07 01:47,,,,,False,2026-07-07 01:47,2026-07-07 02:09,60.0,1.0,,,202607070147-KFWD-WUUS54-SVRFWD,Stalley,2026
FWD,2026-08-26 22:32,2026-08-26 23:30,2026-08-26 22:32,202608262330,SV,P,W,245,NEW,,1025.3764133090312,2026-08-26 22:32,,,,,False,2026-08-26 22:32,2026-08-26 23:10,60.0,1.0,,,202608262232-KFWD-WUUS54-SVRFWD,Langfeld,2026
FWD,2026-06-15 20:40,2026-06-15 23:45,2026-06-15 20:40,202606152345,FA,P,Y,75,NEW,,154.05500397085163,2026-06-15 20:40,00000,N,ER,OO,False,2026-06-15 20:40,2026-06-15 23:38,,,,,202606152040-KFWD-WGUS84-FLSFWD,Shamburger,2026
FWD,2026-06-07 00:39,2026-06-07 01:15,2026-06-07 00:39,202606070115,SV,P,W,218,NEW,,1031.8319284333797,2026-06-07 00:39,,,,,False,2026-06-07 00:39,2026-06-07 00:54,60.0,0.75,,,202606070039-KFWD-WUUS54-SVRFWD,Shamburger,2026
FWD,2026-06-12 17:12,2026-06-12 19:15,2026-06-12 17:12,202606121915,FA,P,Y,63,NEW,,578.4391028276145,2026-06-12 17:12,00000,N,ER,OO,False,2026-06-12 17:12,2026-06-12 19:12,,,,,202606121712-KFWD-WGUS84-FLSFWD,Prater,2026
FWD,2026-05-27 16:08,2026-05-27 18:55,2026-05-27 16:08,202605280000,FL,P,W,22,NEW,,222.72861935706845,2026-05-27 14:51,LRIT2,1,ER,NO,False,2026-05-27 16:08,2026-05-27 18:55,,,,,202605271451-KFWD-WGUS44-FLWFWD,Bonnette,2026
FWD,2026-06-06 17:57,2026-06-07 05:49,2026-06-06 17:57,202606070600,FL,P,W,23,NEW,,222.72861935706845,2026-06-06 17:57,LRIT2,1,ER,NO,False,2026-06-06 17:57,2026-06-07 05:49,,,,,202606061757-KFWD-WGUS44-FLWFWD,Hernandez,2026
FWD,2026-06-21 00:36,2026-06-24 13:24,2026-06-21 00:36,202607111418,FL,P,W,39,NEW,,372.8740468099521,2026-06-20 14:18,EAST2,2,ER,NO,False,2026-06-20 19:23,2026-06-20 19:23,,,,,202606201418-KFWD-WGUS44-FLWFWD,Fenske,2026
FWD,2026-06-20 00:53,2026-06-20 07:18,2026-06-20 00:53,202606201500,FL,P,W,38,NEW,,156.9375639745877,2026-06-20 00:53,DCJT2,1,ER,NO,False,2026-06-20 00:53,2026-06-20 07:18,,,,,202606200053-KFWD-WGUS44-FLWFWD,30,2026
FWD,2026-06-02 20:50,2026-06-02 21:30,2026-06-02 20:50,202606022130,SV,P,W,210,NEW,,861.3780010394992,2026-06-02 20:50,,,,,False,2026-06-02 20:50,2026-06-02 21:12,60.0,1.0,,,202606022050-KFWD-WUUS54-SVRFWD,Shamburger,2026
FWD,2026-06-12 14:57,2026-06-12 17:00,2026-06-12 14:57,202606121700,FF,P,W,51,NEW,,212.29002066234403,2026-06-12 14:57,00000,0,ER,OO,False,2026-06-12 14:57,2026-06-12 16:58,,,,,202606121457-KFWD-WGUS54-FFWFWD,,2026
FWD,2026-07-07 00:42,2026-07-07 01:19,2026-07-07 00:42,202607070130,SV,P,W,236,NEW,,464.0423683210986,2026-07-07 00:42,,,,,False,2026-07-07 00:42,2026-07-07 01:19,60.0,1.0,,,202607070042-KFWD-WUUS54-SVRFWD,Stalley,2026
FWD,2026-07-05 20:42,2026-07-05 21:30,2026-07-05 20:42,202607052130,SV,P,W,229,NEW,,399.61297855346544,2026-07-05 20:42,,,,,False,2026-07-05 20:42,2026-07-05 21:21,60.0,1.0,,,202607052042-KFWD-WUUS54-SVRFWD,Stalley,2026
FWD,2026-06-19 09:23,2026-06-19 09:37,2026-06-19 09:23,202606191015,TO,P,W,28,NEW,,1054.7475367036366,2026-06-19 09:23,,,,,False,2026-06-19 09:23,2026-06-19 09:37,,0.75,RADAR INDICATED,,202606190923-KFWD-WFUS54-TORFWD,Shamburger,2026
FWD,2026-06-19 09:06,2026-06-19 09:30,2026-06-19 09:06,202606190930,TO,P,W,27,NEW,,464.7803780514077,2026-06-19 09:06,,,,,False,2026-06-19 09:06,2026-06-19 09:21,,0.75,RADAR INDICATED,,202606190906-KFWD-WFUS54-TORFWD,Shamburger,2026
FWD,2026-05-28 21:56,2026-05-28 22:38,2026-05-28 21:56,202605282300,SV,P,W,206,NEW,,1143.350899411565,2026-05-28 21:56,,,,,False,2026-05-28 21:56,2026-05-28 22:15,60.0,1.0,,,202605282156-KFWD-WUUS54-SVRFWD,Shamburger,2026
FWD,2026-07-08 12:49,2026-07-08 15:00,2026-07-08 12:49,202607081500,FF,P,W,70,NEW,,381.71538558111416,2026-07-08 12:49,00000,0,ER,OO,False,2026-07-08 12:49,2026-07-08 15:06,,,,,202607081249-KFWD-WGUS54-FFWFWD,Bonnette,2026
FWD,2026-07-07 22:42,2026-07-07 23:30,2026-07-07 22:42,202607072330,SV,P,W,241,NEW,,599.154228527074,2026-07-07 22:42,,,,,False,2026-07-07 22:42,2026-07-07 23:30,60.0,0.75,,,202607072242-KFWD-WUUS54-SVRFWD,30,2026
FWD,2026-06-09 02:18,2026-06-11 11:00,2026-06-09 02:18,202606111100,FL,P,W,29,NEW,,231.40269773509246,2026-06-08 18:58,TDDT2,1,ER,NO,False,2026-06-09 01:17,2026-06-09 01:17,,,,,202606081858-KFWD-WGUS44-FLWFWD,DF,2026
FWD,2026-06-19 16:00,2026-06-19 18:55,2026-06-19 16:00,202606200000,FL,P,W,34,NEW,,161.88390138020216,2026-06-19 14:14,CART2,1,ER,NO,False,2026-06-19 16:00,2026-06-19 18:55,,,,,202606191414-KFWD-WGUS44-FLWFWD,,2026
FWD,2026-05-28 21:12,2026-05-28 22:00,2026-05-28 21:12,202605282200,SV,P,W,205,NEW,,1395.4785395458543,2026-05-28 21:12,,,,,False,2026-05-28 21:12,2026-05-28 21:31,60.0,1.25,,,202605282112-KFWD-WUUS54-SVRFWD,Fenske,2026
FWD,2026-06-08 05:42,2026-06-09 05:00,2026-06-08 05:42,202606090500,FL,P,W,28,NEW,,162.30436006922784,2026-06-07 19:06,RSRT2,1,ER,NO,False,2026-06-08 02:59,2026-06-08 02:59,,,,,202606071906-KFWD-WGUS44-FLWFWD,Hernandez,2026
FWD,2026-06-23 20:52,2026-06-23 21:45,2026-06-23 20:52,202606232145,SV,P,W,226,NEW,,2417.938175123159,2026-06-23 20:52,,,,,False,2026-06-23 20:52,2026-06-23 21:45,65.0,1.0,,,202606232052-KFWD-WUUS54-SVRFWD,Garcia,2026
FWD,2026-06-06 19:49,2026-06-06 20:30,2026-06-06 19:49,202606062030,SV,P,W,215,NEW,,768.3660636498063,2026-06-06 19:49,,,,,False,2026-06-06 19:49,2026-06-06 20:12,60.0,0.75,,,202606061949-KFWD-WUUS54-SVRFWD,Shamburger,2026
FWD,2026-05-27 23:45,2026-05-28 18:01,2026-05-27 23:45,202605281801,FL,P,W,21,NEW,,159.8703832970315,2026-05-27 12:50,QLAT2,1,ER,NO,False,2026-05-27 23:45,2026-05-28 00:33,,,,,202605271250-KFWD-WGUS44-FLWFWD,Bonnette,2026
FWD,2026-06-07 17:48,2026-06-08 14:00,2026-06-07 17:48,202606081400,FL,P,W,26,NEW,,159.8703832970315,2026-06-07 07:47,QLAT2,1,ER,NO,False,2026-06-07 12:52,2026-06-07 12:52,,,,,202606070747-KFWD-WGUS44-FLWFWD,Schroeder,2026
FWD,2026-06-24 18:00,2026-06-24 02:12,2026-06-24 18:00,202606250600,FL,P,W,42,NEW,,159.8703832970315,2026-06-23 19:07,QLAT2,1,ER,NO,False,2026-06-24 02:12,2026-06-24 02:12,,,,,202606231907-KFWD-WGUS44-FLWFWD,,2026
FWD,2026-06-02 20:42,2026-06-02 21:00,2026-06-02 20:42,202606022130,SV,P,W,209,NEW,,755.0346358598952,2026-06-02 20:42,,,,,False,2026-06-02 20:42,2026-06-02 21:00,60.0,1.0,,,202606022042-KFWD-WUUS54-SVRFWD,Shamburger,2026
FWD,2026-06-07 09:20,2026-06-08 06:00,2026-06-07 09:20,202606080600,FL,P,W,25,NEW,,87.51594287559998,2026-06-07 07:45,MNFT2,2,ER,NO,False,2026-06-07 09:20,2026-06-07 12:52,,,,,202606070745-KFWD-WGUS44-FLWFWD,Schroeder,2026
FWD,2026-06-06 22:04,2026-06-06 22:45,2026-06-06 22:04,202606062245,SV,P,W,216,NEW,,591.8368372571385,2026-06-06 22:04,,,,,False,2026-06-06 22:04,2026-06-06 22:26,60.0,1.0,,,202606062204-KFWD-WUUS54-SVRFWD,Shamburger,2026
FWD,2026-06-03 00:58,2026-06-03 01:39,2026-06-03 00:58,202606030200,SV,P,W,213,NEW,,705.1708847998967,2026-06-03 00:58,,,,,False,2026-06-03 00:58,2026-06-03 01:01,60.0,1.0,,,202606030058-KFWD-WUUS54-SVRFWD,Shamburger,2026
FWD,2026-06-15 19:38,2026-06-16 01:13,2026-06-15 19:38,202606170000,FL,P,W,32,NEW,,97.76498932567395,2026-06-15 10:24,RLRT2,1,ER,NO,False,2026-06-15 12:43,2026-06-15 12:43,,,,,202606151024-KFWD-WGUS44-FLWFWD,Langfeld,2026
FWD,2026-07-07 00:45,2026-07-07 01:30,2026-07-07 00:45,202607070130,SV,P,W,237,NEW,,525.7922586555155,2026-07-07 00:45,,,,,False,2026-07-07 00:45,2026-07-07 01:22,60.0,1.0,,,202607070045-KFWD-WUUS54-SVRFWD,Stalley,2026
FWD,2026-06-06 23:03,2026-06-06 23:59,2026-06-06 23:03,202606070200,FF,P,W,42,NEW,,1426.3740551829164,2026-06-06 23:03,00000,0,ER,OO,False,2026-06-06 23:03,2026-06-06 23:59,,,,,202606062303-KFWD-WGUS54-FFWFWD,Shamburger,2026
FWD,2026-06-14 23:10,2026-06-15 02:15,2026-06-14 23:10,202606150215,FA,P,Y,68,NEW,,1759.6643548499462,2026-06-14 23:10,00000,N,ER,OO,False,2026-06-14 23:10,2026-06-15 02:15,,,,,202606142310-KFWD-WGUS84-FLSFWD,12,2026
FWD,2026-07-07 02:25,2026-07-07 03:15,2026-07-07 02:25,202607070315,SV,P,W,240,NEW,,662.966013158899,2026-07-07 02:25,,,,,False,2026-07-07 02:25,2026-07-07 02:57,60.0,1.25,,,202607070225-KFWD-WUUS54-SVRFWD,Stalley,2026
FWD,2026-06-07 05:28,2026-06-07 08:30,2026-06-07 05:28,202606070830,FA,P,Y,52,NEW,,1185.1372678656282,2026-06-07 05:28,00000,N,ER,OO,False,2026-06-07 05:28,2026-06-07 08:30,,,,,202606070528-KFWD-WGUS84-FLSFWD,Prater,2026
FWD,2026-06-15 23:23,2026-06-16 01:15,2026-06-15 23:23,202606160115,FA,P,Y,78,NEW,,351.5638883495901,2026-06-15 23:23,00000,N,ER,OO,False,2026-06-15 23:23,2026-06-16 01:15,,,,,202606152323-KFWD-WGUS84-FLSFWD,Prater,2026
FWD,2026-06-15 00:54,2026-06-15 03:30,2026-06-15 00:54,202606150330,FF,P,W,54,NEW,,1380.9041576024397,2026-06-15 00:54,00000,0,ER,OO,False,2026-06-15 00:54,2026-06-15 02:07,,,,,202606150054-KFWD-WGUS54-FFWFWD,Bonnette,2026
FWD,2026-06-15 13:44,2026-06-15 15:45,2026-06-15 13:44,202606151545,FA,P,Y,73,NEW,,501.11320614583093,2026-06-15 13:44,00000,N,ER,OO,False,2026-06-15 13:44,2026-06-15 15:45,,,,,202606151344-KFWD-WGUS84-FLSFWD,Schroeder,2026
FWD,2026-06-06 21:51,2026-06-07 01:00,2026-06-06 21:51,202606070100,FA,P,Y,50,NEW,,1571.1764639539902,2026-06-06 21:51,00000,N,ER,OO,False,2026-06-06 21:51,2026-06-07 01:00,,,,,202606062151-KFWD-WGUS84-FLSFWD,Shamburger,2026
FWD,2026-06-12 18:37,2026-06-12 20:30,2026-06-12 18:37,202606122030,FA,P,Y,64,NEW,,1030.5003416650238,2026-06-12 18:37,00000,N,ER,OO,False,2026-06-12 18:37,2026-06-12 20:30,,,,,202606121837-KFWD-WGUS84-FLSFWD,Prater,2026
FWD,2026-08-26 22:58,2026-08-26 23:38,2026-08-26 22:58,202608270000,SV,P,W,246,NEW,,1331.2765559498755,2026-08-26 22:58,,,,,False,2026-08-26 22:58,2026-08-26 23:30,60.0,1.0,,,202608262258-KFWD-WUUS54-SVRFWD,Langfeld,2026
FWD,2026-07-14 02:07,2026-07-14 05:00,2026-07-14 02:07,202607140500,FA,P,Y,108,NEW,,356.9124751949804,2026-07-14 02:07,00000,N,ER,OO,False,2026-07-14 02:07,2026-07-14 05:00,,,,,202607140207-KFWD-WGUS84-FLSFWD,Shamburger,2026
FWD,2026-06-07 12:12,2026-06-07 15:08,2026-06-07 12:12,202606071515,FF,P,W,49,NEW,,1183.1525053163448,2026-06-07 12:12,00000,0,ER,OO,False,2026-06-07 12:12,2026-06-07 15:08,,,,,202606071212-KFWD-WGUS54-FFWFWD,Darrah,2026
FWD,2026-06-07 15:08,2026-06-07 17:00,2026-06-07 15:08,202606071700,FA,P,Y,56,NEW,,1183.1525053163448,2026-06-07 15:08,00000,N,ER,OO,False,2026-06-07 15:08,2026-06-07 16:56,,,,,202606071508-KFWD-WGUS84-FLSFWD,Darrah,2026
FWD,2026-06-12 17:25,2026-06-12 19:10,2026-06-12 17:25,202606122030,FF,P,W,52,NEW,,288.3503986891726,2026-06-12 17:25,00000,0,ER,OO,False,2026-06-12 17:25,2026-06-12 19:10,,,,,202606121725-KFWD-WGUS54-FFWFWD,Prater,2026
FWD,2026-05-28 20:40,2026-05-28 21:15,2026-05-28 20:40,202605282115,SV,P,W,204,NEW,,967.1621943000545,2026-05-28 20:40,,,,,False,2026-05-28 20:40,2026-05-28 20:49,60.0,1.0,,,202605282040-KFWD-WUUS54-SVRFWD,Fenske,2026
FWD,2026-07-13 08:33,2026-07-13 11:30,2026-07-13 08:33,202607131130,FA,P,Y,102,NEW,,1394.7143833602686,2026-07-13 08:33,00000,N,ER,OO,False,2026-07-13 08:33,2026-07-13 11:30,,,,,202607130833-KFWD-WGUS84-FLSFWD,Stalley,2026
FWD,2026-06-06 19:29,2026-06-06 20:15,2026-06-06 19:29,202606062015,SV,P,W,214,NEW,,1551.1269159677245,2026-06-06 19:29,,,,,False,2026-06-06 19:29,2026-06-06 19:39,60.0,0.75,,,202606061929-KFWD-WUUS54-SVRFWD,Shamburger,2026
FWD,2026-06-23 14:03,2026-06-23 14:47,2026-06-23 14:03,202606231500,SV,P,W,225,NEW,,898.5597738861732,2026-06-23 14:03,,,,,False,2026-06-23 14:03,2026-06-23 14:34,60.0,1.0,,,202606231403-KFWD-WUUS54-SVRFWD,Bonnette,2026
FWD,2026-08-08 20:26,2026-08-08 21:08,2026-08-08 20:26,202608082130,SV,P,W,243,NEW,,1028.857397119167,2026-08-08 20:26,,,,,False,2026-08-08 20:26,2026-08-08 20:59,60.0,0.75,,,202608082026-KFWD-WUUS54-SVRFWD,Gordon,2026
FWD,2026-07-12 23:04,2026-07-13 02:00,2026-07-12 23:04,202607130200,FF,P,W,71,NEW,,1677.1826159726018,2026-07-12 23:04,00000,0,ER,OO,False,2026-07-12 23:04,2026-07-13 02:00,,,,,202607122304-KFWD-WGUS54-FFWFWD,AEC,2026
FWD,2026-07-14 00:54,2026-07-14 03:00,2026-07-14 00:54,202607140300,FA,P,Y,107,NEW,,570.9793305480617,2026-07-14 00:54,00000,N,ER,OO,False,2026-07-14 00:54,2026-07-14 03:00,,,,,202607140054-KFWD-WGUS84-FLSFWD,AEC,2026
FWD,2026-06-07 08:40,2026-06-08 00:00,2026-06-07 08:40,202606080000,FL,P,W,24,NEW,,117.36058584613255,2026-06-07 07:45,DWRT2,1,ER,NO,False,2026-06-07 08:40,2026-06-07 12:52,,,,,202606070745-KFWD-WGUS44-FLWFWD,Schroeder,2026
FWD,2026-06-19 13:46,2026-06-19 18:00,2026-06-19 13:46,202606191800,FL,P,W,33,NEW,,117.36058584613255,2026-06-19 13:44,DWRT2,1,ER,NO,False,2026-06-19 13:46,2026-06-19 14:14,,,,,202606191344-KFWD-WGUS44-FLWFWD,Stalley,2026
FWD,2026-06-06 14:35,2026-06-06 18:00,2026-06-06 14:35,202606061800,FA,P,W,3,NEW,,5113.619679813425,2026-06-06 14:35,00000,0,ER,OO,False,2026-06-06 14:35,2026-06-06 16:02,,,,,202606061435-KFWD-WGUS44-FLWFWD,Darrah,2026
FWD,2026-06-07 05:43,2026-06-07 07:45,2026-06-07 05:43,202606070745,FA,P,Y,53,NEW,,1634.1586574481107,2026-06-07 05:43,00000,N,ER,OO,False,2026-06-07 05:43,2026-06-07 07:45,,,,,202606070543-KFWD-WGUS84-FLSFWD,Schroeder,2026
FWD,2026-07-22 22:39,2026-07-22 22:52,2026-07-22 22:39,202607222315,SV,P,W,242,NEW,,296.0149624167543,2026-07-22 22:39,,,,,False,2026-07-22 22:39,2026-07-22 22:52,60.0,0.75,,,202607222239-KFWD-WUUS54-SVRFWD,Dunn,2026
FWD,2026-06-07 01:10,2026-06-07 02:00,2026-06-07 01:10,202606070200,SV,P,W,219,NEW,,1475.5471969109383,2026-06-07 01:10,,,,,False,2026-06-07 01:10,2026-06-07 01:15,65.0,1.25,,,202606070110-KFWD-WUUS54-SVRFWD,Shamburger,2026
FWD,2026-06-06 06:48,2026-06-06 09:45,2026-06-06 06:48,202606060945,FF,P,W,40,NEW,,896.3337403214844,2026-06-06 06:48,00000,0,ER,OO,False,2026-06-06 06:48,2026-06-06 09:19,,,,,202606060648-KFWD-WGUS54-FFWFWD,Prater,2026
FWD,2026-08-28 00:47,2026-08-28 01:15,2026-08-28 00:47,202608280115,SV,P,W,247,NEW,,409.3890015823886,2026-08-28 00:47,,,,,False,2026-08-28 00:47,2026-08-28 01:05,60.0,1.0,,,202608280047-KFWD-WUUS54-SVRFWD,Darrah,2026
FWD,2026-07-05 22:17,2026-07-05 23:15,2026-07-05 22:17,202607052315,SV,P,W,233,NEW,,1783.2852902990855,2026-07-05 22:17,,,,,False,2026-07-05 22:17,2026-07-05 22:33,65.0,1.0,,,202607052217-KFWD-WUUS54-SVRFWD,Stalley,2026
FWD,2026-07-16 06:30,2026-07-16 09:30,2026-07-16 06:30,202607160930,FA,P,Y,114,NEW,,1565.098791909892,2026-07-16 06:30,00000,N,ER,OO,False,2026-07-16 06:30,2026-07-16 07:40,,,,,202607160630-KFWD-WGUS84-FLSFWD,Darrah,2026
FWD,2026-06-19 11:30,2026-06-19 14:30,2026-06-19 11:30,202606191430,FA,P,Y,82,NEW,,2447.751508905481,2026-06-19 11:30,00000,N,ER,OO,False,2026-06-19 11:30,2026-06-19 14:30,,,,,202606191130-KFWD-WGUS84-FLSFWD,Stalley,2026
FWD,2026-06-02 20:38,2026-06-02 21:27,2026-06-02 20:38,202606022145,SV,P,W,208,NEW,,1195.0611954215374,2026-06-02 20:38,,,,,False,2026-06-02 20:38,2026-06-02 21:04,60.0,0.75,,,202606022038-KFWD-WUUS54-SVRFWD,Shamburger,2026
FWD,2026-07-05 21:58,2026-07-05 22:18,2026-07-05 21:58,202607052300,SV,P,W,232,NEW,,389.18097224286214,2026-07-05 21:58,,,,,False,2026-07-05 21:58,2026-07-05 22:18,60.0,1.0,,,202607052158-KFWD-WUUS54-SVRFWD,Stalley,2026
FWD,2026-06-07 12:14,2026-06-07 15:19,2026-06-07 12:14,202606071715,FA,P,W,4,NEW,,1102.913869659914,2026-06-07 12:14,00000,0,ER,OO,False,2026-06-07 12:14,2026-06-07 15:19,,,,,202606071214-KFWD-WGUS44-FLWFWD,Darrah,2026
FWD,2026-06-07 15:19,2026-06-07 17:00,2026-06-07 15:19,202606071700,FA,P,Y,59,NEW,,1102.913869659914,2026-06-07 15:19,00000,N,ER,OO,False,2026-06-07 15:19,2026-06-07 16:58,,,,,202606071519-KFWD-WGUS84-FLSFWD-RRA,Darrah,2026
FWD,2026-07-05 21:33,2026-07-05 22:45,2026-07-05 21:33,202607052245,SV,P,W,231,NEW,,1832.4469239737184,2026-07-05 21:33,,,,,False,2026-07-05 21:33,2026-07-05 22:05,60.0,0.75,,,202607052133-KFWD-WUUS54-SVRFWD,Stalley,2026
FWD,2026-06-19 07:35,2026-06-19 08:30,2026-06-19 07:35,202606190830,SV,P,W,220,NEW,,1602.704399197338,2026-06-19 07:35,,,,,False,2026-06-19 07:35,2026-06-19 07:45,70.0,0.75,,CONSIDERABLE,202606190735-KFWD-WUUS54-SVRFWD,Shamburger,2026
FWD,2026-06-19 08:16,2026-06-19 09:15,2026-06-19 08:16,202606190915,SV,P,W,221,NEW,,5004.250984003014,2026-06-19 08:16,,,,,False,2026-06-19 08:16,2026-06-19 08:38,70.0,0.75,,CONSIDERABLE,202606190816-KFWD-WUUS54-SVRFWD,Shamburger,2026
FWD,2026-06-15 03:00,2026-06-15 05:30,2026-06-15 03:00,202606150530,FF,P,W,57,NEW,,1149.3998184109628,2026-06-15 03:00,00000,0,ER,OO,False,2026-06-15 03:00,2026-06-15 05:33,,,,CONSIDERABLE,202606150300-KFWD-WGUS54-FFWFWD,Bonnette,2026
FWD,2026-06-07 19:06,2026-06-09 03:00,2026-06-07 19:06,202606090300,FL,P,W,27,NEW,,146.0723896049075,2026-06-07 19:06,DALT2,1,ER,NO,False,2026-06-07 19:06,2026-06-08 02:59,,,,,202606071906-KFWD-WGUS44-FLWFWD,Hernandez,2026
FWD,2026-06-20 02:30,2026-06-20 12:00,2026-06-20 02:30,202606201200,FL,P,W,35,NEW,,146.0723896049075,2026-06-19 14:25,DALT2,1,ER,NO,False,2026-06-19 19:00,2026-06-19 19:00,,,,,202606191425-KFWD-WGUS44-FLWFWD,JH,2026
FWD,2026-06-19 09:13,2026-06-19 09:59,2026-06-19 09:13,202606191015,SV,P,W,222,NEW,,5373.270464982073,2026-06-19 09:13,,,,,False,2026-06-19 09:13,2026-06-19 09:42,60.0,0.75,POSSIBLE,,202606190913-KFWD-WUUS54-SVRFWD,Shamburger,2026
FWD,2026-07-16 08:58,2026-07-16 12:00,2026-07-16 08:58,202607161200,FA,P,Y,115,NEW,,850.4726834029425,2026-07-16 08:58,00000,N,ER,OO,False,2026-07-16 08:58,2026-07-16 11:50,,,,,202607160858-KFWD-WGUS84-FLSFWD,Darrah,2026
FWD,2026-07-15 11:53,2026-07-15 14:00,2026-07-15 11:53,202607151400,FA,P,Y,112,NEW,,2007.2146885005184,2026-07-15 11:53,00000,N,ER,OO,False,2026-07-15 11:53,2026-07-15 14:00,,,,,202607151153-KFWD-WGUS84-FLSFWD,Stalley,2026
FWD,2026-06-07 13:39,2026-06-07 16:30,2026-06-07 13:39,202606071630,FF,P,W,50,NEW,,3748.431055506829,2026-06-07 13:39,00000,0,ER,OO,False,2026-06-07 13:39,2026-06-07 16:30,,,,,202606071339-KFWD-WGUS54-FFWFWD,Darrah,2026
FWD,2026-06-07 13:07,2026-06-07 13:39,2026-06-07 13:07,202606071600,FA,P,Y,55,NEW,,3748.431055506829,2026-06-07 13:07,00000,N,ER,OO,False,2026-06-07 13:07,2026-06-07 13:39,,,,,202606071307-KFWD-WGUS84-FLSFWD,Darrah,2026
FWD,2026-07-17 12:19,2026-07-17 14:15,2026-07-17 12:19,202607171415,FA,P,Y,117,NEW,,1150.4915975766714,2026-07-17 12:19,00000,N,ER,OO,False,2026-07-17 12:19,2026-07-17 14:15,,,,,202607171219-KFWD-WGUS84-FLSFWD,Schroeder,2026
FWD,2026-06-07 07:32,2026-06-07 10:30,2026-06-07 07:32,202606071030,FF,P,W,47,NEW,,1103.3887972932525,2026-06-07 07:32,00000,0,ER,OO,False,2026-06-07 07:32,2026-06-07 08:33,,,,,202606070732-KFWD-WGUS54-FFWFWD,Schroeder,2026
FWD,2026-06-19 13:54,2026-06-19 17:00,2026-06-19 13:54,202606191700,FF,P,W,61,NEW,,890.4606688465346,2026-06-19 13:54,00000,0,ER,OO,False,2026-06-19 13:54,2026-06-19 17:02,,,,,202606191354-KFWD-WGUS54-FFWFWD,Stalley,2026
FWD,2026-06-07 04:23,2026-06-07 07:30,2026-06-07 04:23,202606070730,FF,P,W,43,NEW,,2079.7256878460057,2026-06-07 04:23,00000,0,ER,OO,False,2026-06-07 04:23,2026-06-07 06:10,,,,,202606070423-KFWD-WGUS54-FFWFWD,Prater,2026
FWD,2026-06-19 12:02,2026-06-19 15:00,2026-06-19 12:02,202606191500,FA,P,Y,83,NEW,,1605.2019961327053,2026-06-19 12:02,00000,N,ER,OO,False,2026-06-19 12:02,2026-06-19 15:00,,,,,202606191202-KFWD-WGUS84-FLSFWD,Stalley,2026
FWD,2026-07-13 06:52,2026-07-13 10:00,2026-07-13 06:52,202607131000,FA,P,Y,100,NEW,,2618.5505129645776,2026-07-13 06:52,00000,N,ER,OO,False,2026-07-13 06:52,2026-07-13 09:52,,,,,202607130652-KFWD-WGUS84-FLSFWD,Stalley,2026
FWD,2026-06-05 20:19,2026-06-05 23:00,2026-06-05 20:19,202606052300,FA,P,Y,46,NEW,,251.5441085075013,2026-06-05 20:19,00000,N,ER,OO,False,2026-06-05 20:19,2026-06-05 23:00,,,,,202606052019-KFWD-WGUS84-FLSFWD,Shamburger,2026
FWD,2026-07-05 23:12,2026-07-06 00:30,2026-07-05 23:12,202607060030,SV,P,W,234,NEW,,2019.2621501488172,2026-07-05 23:12,,,,,False,2026-07-05 23:12,2026-07-05 23:46,65.0,1.5,,,202607052312-KFWD-WUUS54-SVRFWD,Stalley,2026
FWD,2026-06-07 16:55,2026-06-07 20:00,2026-06-07 16:55,202606072000,FA,P,Y,60,NEW,,1707.7409532429876,2026-06-07 16:55,00000,N,ER,OO,False,2026-06-07 16:55,2026-06-07 19:55,,,,,202606071655-KFWD-WGUS84-FLSFWD,Darrah,2026
FWD,2026-06-02 23:08,2026-06-02 23:49,2026-06-02 23:08,202606030000,SV,P,W,212,NEW,,2554.211347870896,2026-06-02 23:08,,,,,False,2026-06-02 23:08,2026-06-02 23:29,60.0,0.75,,,202606022308-KFWD-WUUS54-SVRFWD,Shamburger,2026
FWD,2026-06-12 21:59,2026-06-13 00:00,2026-06-12 21:59,202606130000,FA,P,Y,66,NEW,,1119.7054175312323,2026-06-12 21:59,00000,N,ER,OO,False,2026-06-12 21:59,2026-06-13 00:00,,,,,202606122159-KFWD-WGUS84-FLSFWD,30,2026
FWD,2026-06-20 09:46,2026-06-20 12:00,2026-06-20 09:46,202606201200,FF,P,W,64,NEW,,1327.1880053591433,2026-06-20 09:46,00000,0,ER,OO,False,2026-06-20 09:46,2026-06-20 12:00,,,,,202606200946-KFWD-WGUS54-FFWFWD,Shamburger,2026
FWD,2026-07-13 10:43,2026-07-13 13:45,2026-07-13 10:43,202607131345,FF,P,W,74,NEW,,2058.2975941145914,2026-07-13 10:43,00000,0,ER,OO,False,2026-07-13 10:43,2026-07-13 12:28,,,,,202607131043-KFWD-WGUS54-FFWFWD,Gordon,2026
FWD,2026-06-02 23:34,2026-06-03 02:30,2026-06-02 23:34,202606030230,FA,P,Y,44,NEW,,572.9188953754492,2026-06-02 23:34,00000,N,ER,OO,False,2026-06-02 23:34,2026-06-03 02:37,,,,,202606022334-KFWD-WGUS84-FLSFWD,Langfeld,2026
FWD,2026-07-13 05:33,2026-07-13 07:30,2026-07-13 05:33,202607130730,FA,P,Y,99,NEW,,781.5871944414092,2026-07-13 05:33,00000,N,ER,OO,False,2026-07-13 05:33,2026-07-13 07:30,,,,,202607130533-KFWD-WGUS84-FLSFWD,Gordon,2026
FWD,2026-07-06 00:09,2026-07-06 01:15,2026-07-06 00:09,202607060115,SV,P,W,235,NEW,,2162.3526850792423,2026-07-06 00:09,,,,,False,2026-07-06 00:09,2026-07-06 00:39,70.0,0.75,,CONSIDERABLE,202607060009-KFWD-WUUS54-SVRFWD,Stalley,2026
FWD,2026-06-12 14:43,2026-06-12 17:45,2026-06-12 14:43,202606121745,FA,P,Y,61,NEW,,928.7789987876833,2026-06-12 14:43,00000,N,ER,OO,False,2026-06-12 14:43,2026-06-12 17:45,,,,,202606121443-KFWD-WGUS84-FLSFWD,,2026
FWD,2026-06-07 12:19,2026-06-07 15:16,2026-06-07 12:19,202606071645,FA,P,W,7,NEW,,1646.856245740781,2026-06-07 12:19,00000,0,ER,OO,False,2026-06-07 12:19,2026-06-07 15:16,,,,,202606071219-KFWD-WGUS44-FLWFWD,Darrah,2026
FWD,2026-06-07 15:16,2026-06-07 17:00,2026-06-07 15:16,202606071700,FA,P,Y,58,NEW,,1646.856245740781,2026-06-07 15:16,00000,N,ER,OO,False,2026-06-07 15:16,2026-06-07 16:57,,,,,202606071516-KFWD-WGUS84-FLSFWD-RRA,Darrah,2026
FWD,2026-06-07 08:14,2026-06-07 11:15,2026-06-07 08:14,202606071115,FF,P,W,48,NEW,,1646.8576076806103,2026-06-07 08:14,00000,0,ER,OO,False,2026-06-07 08:14,2026-06-07 08:47,,,,,202606070814-KFWD-WGUS54-FFWFWD,Schroeder,2026
FWD,2026-07-13 19:07,2026-07-13 22:00,2026-07-13 19:07,202607132200,FF,P,W,77,NEW,,1400.6158181258734,2026-07-13 19:07,00000,0,ER,OO,False,2026-07-13 19:07,2026-07-13 21:59,,,,,202607131907-KFWD-WGUS54-FFWFWD,Schroeder,2026
FWD,2026-07-14 18:03,2026-07-14 20:30,2026-07-14 18:03,202607142030,FF,P,W,81,NEW,,803.4394033449821,2026-07-14 18:03,00000,0,ER,OO,False,2026-07-14 18:03,2026-07-14 20:25,,,,,202607141803-KFWD-WGUS54-FFWFWD,Schroeder,2026
FWD,2026-05-27 01:19,2026-05-27 04:30,2026-05-27 01:19,202605270430,FA,P,Y,38,NEW,,1445.566478629476,2026-05-27 01:19,00000,N,ER,OO,False,2026-05-27 01:19,2026-05-27 04:30,,,,,202605270119-KFWD-WGUS84-FLSFWD,Langfeld,2026
FWD,2026-07-05 20:28,2026-07-05 23:00,2026-07-05 20:28,202607052300,FA,P,Y,94,NEW,,1424.5747805404321,2026-07-05 20:28,00000,N,ER,OO,False,2026-07-05 20:28,2026-07-05 23:00,,,,,202607052028-KFWD-WGUS84-FLSFWD,Stalley,2026
FWD,2026-06-15 01:42,2026-06-15 03:00,2026-06-15 01:42,202606150300,FF,P,W,55,NEW,,2019.7528440628942,2026-06-15 01:42,00000,0,ER,OO,False,2026-06-15 01:42,2026-06-15 02:28,,,,,202606150142-KFWD-WGUS54-FFWFWD,Bonnette,2026
FWD,2026-07-13 04:10,2026-07-13 07:15,2026-07-13 04:10,202607130715,FA,P,Y,98,NEW,,1862.4748569362616,2026-07-13 04:10,00000,N,ER,OO,False,2026-07-13 04:10,2026-07-13 07:15,,,,,202607130410-KFWD-WGUS84-FLSFWD,Gordon,2026
FWD,2026-05-27 14:11,2026-05-27 16:00,2026-05-27 14:11,202605271600,FA,P,Y,41,NEW,,3773.076136893733,2026-05-27 14:11,00000,N,ER,OO,False,2026-05-27 14:11,2026-05-27 16:00,,,,,202605271411-KFWD-WGUS84-FLSFWD,Bonnette,2026
FWD,2026-07-13 07:59,2026-07-13 11:00,2026-07-13 07:59,202607131100,FF,P,W,73,NEW,,682.4591643924855,2026-07-13 07:59,00000,0,ER,OO,False,2026-07-13 07:59,2026-07-13 09:59,,,,,202607130759-KFWD-WGUS54-FFWFWD,Stalley,2026
FWD,2026-06-19 12:44,2026-06-19 15:45,2026-06-19 12:44,202606191545,FF,P,W,60,NEW,,3002.098421229102,2026-06-19 12:44,00000,0,ER,OO,False,2026-06-19 12:44,2026-06-19 13:02,,,,,202606191244-KFWD-WGUS54-FFWFWD,Stalley,2026
FWD,2026-06-06 22:23,2026-06-06 23:30,2026-06-06 22:23,202606062330,SV,P,W,217,NEW,,1164.1862677099427,2026-06-06 22:23,,,,,False,2026-06-06 22:23,2026-06-06 23:04,60.0,1.0,,,202606062223-KFWD-WUUS54-SVRFWD,Shamburger,2026
FWD,2026-06-15 22:30,2026-06-16 01:00,2026-06-15 22:30,202606160100,FA,P,Y,76,NEW,,783.1551237832738,2026-06-15 22:30,00000,N,ER,OO,False,2026-06-15 22:30,2026-06-16 01:00,,,,,202606152230-KFWD-WGUS84-FLSFWD,Shamburger,2026
FWD,2026-07-05 21:24,2026-07-05 22:00,2026-07-05 21:24,202607052200,SV,P,W,230,NEW,,352.30206799342886,2026-07-05 21:24,,,,,False,2026-07-05 21:24,2026-07-05 22:00,60.0,0.88,,,202607052124-KFWD-WUUS54-SVRFWD,Stalley,2026
FWD,2026-09-03 12:40,2026-09-03 15:45,2026-09-03 12:40,202609031545,FF,P,W,82,NEW,,988.4771594747756,2026-09-03 12:40,00000,0,ER,OO,False,2026-09-03 12:40,2026-09-03 14:15,,,,,202609031240-KFWD-WGUS54-FFWFWD,Schroeder,2026
FWD,2026-05-27 15:49,2026-05-27 18:00,2026-05-27 15:49,202605271800,FF,P,W,37,NEW,,2085.738459254789,2026-05-27 15:49,00000,0,ER,OO,False,2026-05-27 15:49,2026-05-27 17:53,,,,,202605271549-KFWD-WGUS54-FFWFWD,Bonnette,2026
FWD,2026-06-06 07:14,2026-06-06 10:30,2026-06-06 07:14,202606061030,FA,P,Y,48,NEW,,2875.4584762467084,2026-06-06 07:14,00000,N,ER,OO,False,2026-06-06 07:14,2026-06-06 10:30,,,,,202606060714-KFWD-WGUS84-FLSFWD,Stalley,2026
FWD,2026-09-03 15:55,2026-09-03 19:00,2026-09-03 15:55,202609031900,FF,P,W,84,NEW,,706.4802492381435,2026-09-03 15:55,00000,0,ER,OO,False,2026-09-03 15:55,2026-09-03 19:09,,,,,202609031555-KFWD-WGUS54-FFWFWD,Schroeder,2026
FWD,2026-06-23 05:10,2026-06-23 06:15,2026-06-23 05:10,202606230615,SV,P,W,224,NEW,,318.733358883254,2026-06-23 05:10,,,,,False,2026-06-23 05:10,2026-06-23 05:30,60.0,1.0,,,202606230510-KFWD-WUUS54-SVRFWD,Sanchez,2026
FWD,2026-06-19 07:25,2026-06-19 10:00,2026-06-19 07:25,202606191000,FA,P,Y,79,NEW,,1944.3951222157457,2026-06-19 07:25,00000,N,ER,OO,False,2026-06-19 07:25,2026-06-19 10:00,,,,,202606190725-KFWD-WGUS84-FLSFWD,Shamburger,2026
FWD,2026-06-06 06:19,2026-06-06 08:15,2026-06-06 06:19,202606060815,FA,P,Y,47,NEW,,1382.652255754965,2026-06-06 06:19,00000,N,ER,OO,False,2026-06-06 06:19,2026-06-06 08:15,,,,,202606060619-KFWD-WGUS84-FLSFWD,Prater,2026
FWD,2026-07-13 15:34,2026-07-13 18:00,2026-07-13 15:34,202607131800,FF,P,W,76,NEW,,1049.7883404639213,2026-07-13 15:34,00000,0,ER,OO,False,2026-07-13 15:34,2026-07-13 16:49,,,,,202607131534-KFWD-WGUS54-FFWFWD,Schroeder,2026
FWD,2026-07-07 01:55,2026-07-07 02:45,2026-07-07 01:55,202607070245,SV,P,W,239,NEW,,400.77470259636726,2026-07-07 01:55,,,,,False,2026-07-07 01:55,2026-07-07 02:19,60.0,1.0,,,202607070155-KFWD-WUUS54-SVRFWD,Stalley,2026
FWD,2026-07-14 16:20,2026-07-14 19:15,2026-07-14 16:20,202607141915,FF,P,W,79,NEW,,1554.0937020286444,2026-07-14 16:20,00000,0,ER,OO,False,2026-07-14 16:20,2026-07-14 18:05,,,,,202607141620-KFWD-WGUS54-FFWFWD,Schroeder,2026
FWD,2026-09-03 17:39,2026-09-03 19:30,2026-09-03 17:39,202609031930,FA,P,W,13,NEW,,988.4877133991024,2026-09-03 17:39,00000,0,ER,OO,False,2026-09-03 17:39,2026-09-03 19:30,,,,,202609031739-KFWD-WGUS44-FLWFWD,Hernandez,2026
FWD,2026-06-02 22:29,2026-06-03 01:30,2026-06-02 22:29,202606030130,FA,P,Y,43,NEW,,1393.0465254150974,2026-06-02 22:29,00000,N,ER,OO,False,2026-06-02 22:29,2026-06-03 01:31,,,,,202606022229-KFWD-WGUS84-FLSFWD,Langfeld,2026
FWD,2026-07-13 07:52,2026-07-13 11:00,2026-07-13 07:52,202607131100,FA,P,Y,101,NEW,,2291.986873559662,2026-07-13 07:52,00000,N,ER,OO,False,2026-07-13 07:52,2026-07-13 11:00,,,,,202607130752-KFWD-WGUS84-FLSFWD,Stalley,2026
FWD,2026-08-08 21:18,2026-08-08 21:38,2026-08-08 21:18,202608082215,SV,P,W,244,NEW,,1093.355592728718,2026-08-08 21:18,,,,,False,2026-08-08 21:18,2026-08-08 21:38,60.0,0.75,,,202608082118-KFWD-WUUS54-SVRFWD,Gordon,2026
FWD,2026-06-15 23:08,2026-06-16 02:02,2026-06-15 23:08,202606160215,FA,P,Y,77,NEW,,2476.296171500899,2026-06-15 23:08,00000,N,ER,OO,False,2026-06-15 23:08,2026-06-16 02:02,,,,,202606152308-KFWD-WGUS84-FLSFWD,Prater,2026
FWD,2026-06-06 08:23,2026-06-06 11:30,2026-06-06 08:23,202606061130,FF,P,W,41,NEW,,2092.373363755504,2026-06-06 08:23,00000,0,ER,OO,False,2026-06-06 08:23,2026-06-06 10:12,,,,,202606060823-KFWD-WGUS54-FFWFWD,Stalley,2026
FWD,2026-07-13 11:10,2026-07-13 14:15,2026-07-13 11:10,202607131415,FA,P,Y,103,NEW,,2305.2289990859726,2026-07-13 11:10,00000,N,ER,OO,False,2026-07-13 11:10,2026-07-13 14:15,,,,,202607131110-KFWD-WGUS84-FLSFWD,Gordon,2026
FWD,2026-07-14 17:47,2026-07-14 20:45,2026-07-14 17:47,202607142045,FF,P,W,80,NEW,,1438.4266350269977,2026-07-14 17:47,00000,0,ER,OO,False,2026-07-14 17:47,2026-07-14 18:13,,,,,202607141747-KFWD-WGUS54-FFWFWD,Schroeder,2026
FWD,2026-06-05 19:35,2026-06-05 23:00,2026-06-05 19:35,202606052300,FA,P,Y,45,NEW,,1078.3427951130986,2026-06-05 19:35,00000,N,ER,OO,False,2026-06-05 19:35,2026-06-05 23:00,,,,,202606051935-KFWD-WGUS84-FLSFWD,Shamburger,2026
FWD,2026-06-19 08:04,2026-06-19 11:00,2026-06-19 08:04,202606191100,FF,P,W,59,NEW,,2414.5043154748473,2026-06-19 08:04,00000,U,ER,OO,False,2026-06-19 08:04,2026-06-19 10:09,,,,,202606190804-KFWD-WGUS54-FFWFWD,Shamburger,2026
FWD,2026-06-19 09:51,2026-06-19 13:00,2026-06-19 09:51,202606191300,FA,P,Y,80,NEW,,4080.1099714967936,2026-06-19 09:51,00000,N,ER,OO,False,2026-06-19 09:51,2026-06-19 13:00,,,,,202606190951-KFWD-WGUS84-FLSFWD,Shamburger,2026
FWD,2026-06-07 10:24,2026-06-07 12:30,2026-06-07 10:24,202606071230,FA,P,Y,54,NEW,,1188.0551001947947,2026-06-07 10:24,00000,N,ER,OO,False,2026-06-07 10:24,2026-06-07 12:26,,,,,202606071024-KFWD-WGUS84-FLSFWD,Schroeder,2026
FWD,2026-07-14 17:24,2026-07-14 19:30,2026-07-14 17:24,202607141930,FA,P,Y,111,NEW,,1075.8378120406517,2026-07-14 17:24,00000,N,ER,OO,False,2026-07-14 17:24,2026-07-14 19:31,,,,,202607141724-KFWD-WGUS84-FLSFWD,Schroeder,2026
FWD,2026-06-23 23:10,2026-06-23 23:45,2026-06-23 23:10,202606232345,SV,P,W,228,NEW,,852.6952858456824,2026-06-23 23:10,,,,,False,2026-06-23 23:10,2026-06-23 23:39,65.0,0.75,,,202606232310-KFWD-WUUS54-SVRFWD,Stalley,2026
FWD,2026-07-13 12:59,2026-07-13 16:00,2026-07-13 12:59,202607131600,FF,P,W,75,NEW,,2995.586168916245,2026-07-13 12:59,00000,0,ER,OO,False,2026-07-13 12:59,2026-07-13 14:46,,,,,202607131259-KFWD-WGUS54-FFWFWD,Schroeder,2026
FWD,2026-06-07 06:31,2026-06-07 09:30,2026-06-07 06:31,202606070930,FF,P,W,45,NEW,,1007.563883590223,2026-06-07 06:31,00000,0,ER,OO,False,2026-06-07 06:31,2026-06-07 07:56,,,,,202606070631-KFWD-WGUS54-FFWFWD,Schroeder,2026
FWD,2026-09-03 15:35,2026-09-03 17:30,2026-09-03 15:35,202609031730,FA,P,Y,118,NEW,,695.6530349595968,2026-09-03 15:35,00000,N,ER,OO,False,2026-09-03 15:35,2026-09-03 17:30,,,,,202609031535-KFWD-WGUS84-FLSFWD,Schroeder,2026
FWD,2026-06-12 21:12,2026-06-12 23:15,2026-06-12 21:12,202606122315,FA,P,Y,65,NEW,,985.0491000975209,2026-06-12 21:12,00000,N,ER,OO,False,2026-06-12 21:12,2026-06-12 23:15,,,,,202606122112-KFWD-WGUS84-FLSFWD,30,2026
FWD,2026-07-13 00:56,2026-07-13 04:00,2026-07-13 00:56,202607130400,FA,P,Y,96,NEW,,1610.752650072927,2026-07-13 00:56,00000,N,ER,OO,False,2026-07-13 00:56,2026-07-13 04:00,,,,,202607130056-KFWD-WGUS84-FLSFWD,AEC,2026
FWD,2026-07-13 16:08,2026-07-13 19:15,2026-07-13 16:08,202607131915,FA,P,Y,105,NEW,,2781.126303748935,2026-07-13 16:08,00000,N,ER,OO,False,2026-07-13 16:08,2026-07-13 19:15,,,,,202607131608-KFWD-WGUS84-FLSFWD,Schroeder,2026
FWD,2026-05-27 02:02,2026-05-27 05:15,2026-05-27 02:02,202605270515,FF,P,W,35,NEW,,1803.4097369596086,2026-05-27 02:02,00000,0,ER,OO,False,2026-05-27 02:02,2026-05-27 05:05,,,,,202605270202-KFWD-WGUS54-FFWFWD,Langfeld,2026
FWD,2026-06-23 10:02,2026-06-23 13:00,2026-06-23 10:02,202606231300,FA,P,Y,92,NEW,,383.7756186051532,2026-06-23 10:02,00000,N,ER,OO,False,2026-06-23 10:02,2026-06-23 13:00,,,,,202606231002-KFWD-WGUS84-FLSFWD,Sanchez,2026
FWD,2026-06-15 20:37,2026-06-15 22:31,2026-06-15 20:37,202606152300,FA,P,Y,74,NEW,,441.28967198652015,2026-06-15 20:37,00000,N,ER,OO,False,2026-06-15 20:37,2026-06-15 22:31,,,,,202606152037-KFWD-WGUS84-FLSFWD,Shamburger,2026
FWD,2026-07-13 13:08,2026-07-13 15:15,2026-07-13 13:08,202607131515,FA,P,Y,104,NEW,,1194.3558849148624,2026-07-13 13:08,00000,N,ER,OO,False,2026-07-13 13:08,2026-07-13 15:15,,,,,202607131308-KFWD-WGUS84-FLSFWD,Schroeder,2026
FWD,2026-05-27 04:31,2026-05-27 07:30,2026-05-27 04:31,202605270730,FA,P,Y,39,NEW,,522.2679030413166,2026-05-27 04:31,00000,N,ER,OO,False,2026-05-27 04:31,2026-05-27 07:30,,,,,202605270431-KFWD-WGUS84-FLSFWD,Langfeld,2026
FWD,2026-06-07 06:24,2026-06-07 09:30,2026-06-07 06:24,202606070930,FF,P,W,44,NEW,,1874.3523140247366,2026-06-07 06:24,00000,0,ER,OO,False,2026-06-07 06:24,2026-06-07 07:11,,,,,202606070624-KFWD-WGUS54-FFWFWD,Schroeder,2026
FWD,2026-06-19 12:24,2026-06-19 15:30,2026-06-19 12:24,202606191530,FA,P,Y,84,NEW,,3285.3885809900416,2026-06-19 12:24,00000,N,ER,OO,False,2026-06-19 12:24,2026-06-19 15:30,,,,,202606191224-KFWD-WGUS84-FLSFWD,Stalley,2026
FWD,2026-06-19 16:59,2026-06-19 20:00,2026-06-19 16:59,202606192000,FA,P,W,10,NEW,,2450.218143834161,2026-06-19 16:59,00000,0,ER,OO,False,2026-06-19 16:59,2026-06-19 19:54,,,,,202606191659-KFWD-WGUS44-FLWFWD,Hardy,2026
FWD,2026-07-13 18:39,2026-07-13 21:45,2026-07-13 18:39,202607132145,FA,P,Y,106,NEW,,2067.2604917532967,2026-07-13 18:39,00000,N,ER,OO,False,2026-07-13 18:39,2026-07-13 21:46,,,,,202607131839-KFWD-WGUS84-FLSFWD,Schroeder,2026
FWD,2026-06-02 19:22,2026-06-02 19:50,2026-06-02 19:22,202606022015,SV,P,W,207,NEW,,869.7545122912439,2026-06-02 19:22,,,,,False,2026-06-02 19:22,2026-06-02 19:45,60.0,1.0,,,202606021922-KFWD-WUUS54-SVRFWD,Shamburger,2026
FWD,2026-06-15 00:33,2026-06-15 03:00,2026-06-15 00:33,202606150300,FA,P,Y,70,NEW,,5730.00694202032,2026-06-15 00:33,00000,N,ER,OO,False,2026-06-15 00:33,2026-06-15 03:00,,,,,202606150033-KFWD-WGUS84-FLSFWD,Bonnette,2026
FWD,2026-06-07 12:18,2026-06-07 15:15,2026-06-07 12:18,202606071515,FA,P,W,6,NEW,,1874.3523140247369,2026-06-07 12:18,00000,0,ER,OO,False,2026-06-07 12:18,2026-06-07 15:12,,,,,202606071218-KFWD-WGUS44-FLWFWD,Darrah,2026
FWD,2026-06-07 15:12,2026-06-07 17:15,2026-06-07 15:12,202606071715,FA,P,Y,57,NEW,,1874.3523140247369,2026-06-07 15:12,00000,N,ER,OO,False,2026-06-07 15:12,2026-06-07 17:14,,,,,202606071512-KFWD-WGUS84-FLSFWD-RRA,Darrah,2026
FWD,2026-07-15 16:41,2026-07-15 19:45,2026-07-15 16:41,202607151945,FA,P,Y,113,NEW,,3809.43616811521,2026-07-15 16:41,00000,N,ER,OO,False,2026-07-15 16:41,2026-07-15 19:45,,,,,202607151641-KFWD-WGUS84-FLSFWD,Sanchez,2026
FWD,2026-06-07 12:16,2026-06-07 15:15,2026-06-07 12:16,202606071515,FA,P,W,5,NEW,,2392.4273801959885,2026-06-07 12:16,00000,0,ER,OO,False,2026-06-07 12:16,2026-06-07 15:08,,,,,202606071216-KFWD-WGUS44-FLWFWD,Darrah,2026
FWD,2026-07-08 11:40,2026-07-08 13:15,2026-07-08 11:40,202607081315,FA,P,Y,95,NEW,,663.9561122867927,2026-07-08 11:40,00000,N,ER,OO,False,2026-07-08 11:40,2026-07-08 13:15,,,,,202607081140-KFWD-WGUS84-FLSFWD,Dunn,2026
FWD,2026-06-07 07:06,2026-06-07 10:00,2026-06-07 07:06,202606071000,FF,P,W,46,NEW,,2392.4268602780417,2026-06-07 07:06,00000,0,ER,OO,False,2026-06-07 07:06,2026-06-07 08:29,,,,,202606070706-KFWD-WGUS54-FFWFWD,Schroeder,2026
FWD,2026-06-06 18:51,2026-06-06 21:00,2026-06-06 18:51,202606062100,FA,P,Y,49,NEW,,3161.438446119292,2026-06-06 18:51,00000,N,ER,OO,False,2026-06-06 18:51,2026-06-06 21:00,,,,,202606061851-KFWD-WGUS84-FLSFWD-RRA,Darrah,2026
FWD,2026-05-27 14:24,2026-05-27 17:30,2026-05-27 14:24,202605271730,FF,P,W,36,NEW,,1899.2232786346078,2026-05-27 14:24,00000,0,ER,OO,False,2026-05-27 14:24,2026-05-27 15:20,,,,,202605271424-KFWD-WGUS54-FFWFWD,Bonnette,2026
FWD,2026-06-23 13:25,2026-06-23 16:00,2026-06-23 13:25,202606231600,FF,P,W,67,NEW,,1066.9958903333102,2026-06-23 13:25,00000,0,ER,OO,False,2026-06-23 13:25,2026-06-23 14:07,,,,,202606231325-KFWD-WGUS54-FFWFWD,Bonnette,2026
FWD,2026-07-17 10:45,2026-07-17 13:45,2026-07-17 10:45,202607171345,FA,P,Y,116,NEW,,4797.462015369996,2026-07-17 10:45,00000,N,ER,OO,False,2026-07-17 10:45,2026-07-17 13:45,,,,,202607171045-KFWD-WGUS84-FLSFWD,Langfeld,2026
FWD,2026-06-23 21:43,2026-06-23 22:45,2026-06-23 21:43,202606232245,SV,P,W,227,NEW,,3904.653862901198,2026-06-23 21:43,,,,,False,2026-06-23 21:43,2026-06-23 22:15,60.0,1.0,,,202606232143-KFWD-WUUS54-SVRFWD,Garcia,2026
FWD,2026-06-14 12:19,2026-06-14 14:15,2026-06-14 12:19,202606141415,FA,P,Y,67,NEW,,3440.08160946242,2026-06-14 12:19,00000,N,ER,OO,False,2026-06-14 12:19,2026-06-14 14:08,,,,,202606141219-KFWD-WGUS84-FLSFWD,Prater,2026
FWD,2026-06-15 02:36,2026-06-15 06:00,2026-06-15 02:36,202606150600,FA,P,Y,72,NEW,,8153.943578671097,2026-06-15 02:36,00000,N,ER,OO,False,2026-06-15 02:36,2026-06-15 06:00,,,,,202606150236-KFWD-WGUS84-FLSFWD,Bonnette,2026
FWD,2026-07-14 14:58,2026-07-14 18:00,2026-07-14 14:58,202607141800,FA,P,Y,110,NEW,,2988.699962208376,2026-07-14 14:58,00000,N,ER,OO,False,2026-07-14 14:58,2026-07-14 18:00,,,,,202607141458-KFWD-WGUS84-FLSFWD,Schroeder,2026
FWD,2026-05-27 13:10,2026-05-27 16:00,2026-05-27 13:10,202605271600,FA,P,Y,40,NEW,,813.5170443947459,2026-05-27 13:10,00000,N,ER,OO,False,2026-05-27 13:10,2026-05-27 16:00,,,,,202605271310-KFWD-WGUS84-FLSFWD,Bonnette,2026
FWD,2026-07-13 02:44,2026-07-13 05:30,2026-07-13 02:44,202607130530,FA,P,Y,97,NEW,,2029.435660086063,2026-07-13 02:44,00000,N,ER,OO,False,2026-07-13 02:44,2026-07-13 05:30,,,,,202607130244-KFWD-WGUS84-FLSFWD,Shamburger,2026
FWD,2026-07-07 19:54,2026-07-07 23:00,2026-07-07 19:54,202607072300,FF,P,W,69,NEW,,1465.5711867927484,2026-07-07 19:54,00000,0,ER,OO,False,2026-07-07 19:54,2026-07-07 22:53,,,,,202607071954-KFWD-WGUS54-FFWFWD,30,2026
FWD,2026-06-15 00:27,2026-06-15 03:00,2026-06-15 00:27,202606150300,FF,P,W,53,NEW,,969.713763603501,2026-06-15 00:27,00000,0,ER,OO,False,2026-06-15 00:27,2026-06-15 01:04,,,,,202606150027-KFWD-WGUS54-FFWFWD,Bonnette,2026
FWD,2026-06-19 14:54,2026-06-19 15:32,2026-06-19 14:54,202606191545,SV,P,W,223,NEW,,1696.237441314001,2026-06-19 14:54,,,,,False,2026-06-19 14:54,2026-06-19 15:16,60.0,0.75,,,202606191454-KFWD-WUUS54-SVRFWD,Dunn,2026
FWD,2026-07-14 10:50,2026-07-14 13:00,2026-07-14 10:50,202607141300,FA,P,Y,109,NEW,,2170.110351232168,2026-07-14 10:50,00000,N,ER,OO,False,2026-07-14 10:50,2026-07-14 13:00,,,,,202607141050-KFWD-WGUS84-FLSFWD,Stalley,2026
FWD,2026-05-27 16:12,2026-05-27 18:00,2026-05-27 16:12,202605271800,FF,P,W,38,NEW,,2266.114011047742,2026-05-27 16:12,00000,0,ER,OO,False,2026-05-27 16:12,2026-05-27 17:42,,,,,202605271612-KFWD-WGUS54-FFWFWD,Bonnette,2026
FWD,2026-06-23 12:04,2026-06-23 14:00,2026-06-23 12:04,202606231400,FF,P,W,66,NEW,,672.6044727061776,2026-06-23 12:04,00000,0,ER,OO,False,2026-06-23 12:04,2026-06-23 13:28,,,,,202606231204-KFWD-WGUS54-FFWFWD,Sanchez,2026
FWD,2026-05-27 19:05,2026-05-27 22:00,2026-05-27 19:05,202605272200,FA,P,W,2,NEW,,4114.213939816137,2026-05-27 19:05,00000,0,ER,OO,False,2026-05-27 19:05,2026-05-27 21:35,,,,,202605271905-KFWD-WGUS44-FLWFWD,Bonnette,2026
FWD,2026-06-02 21:55,2026-06-03 00:45,2026-06-02 21:55,202606030045,FF,P,W,39,NEW,,897.3543626960919,2026-06-02 21:55,00000,0,ER,OO,False,2026-06-02 21:55,2026-06-03 00:35,,,,,202606022155-KFWD-WGUS54-FFWFWD,Langfeld,2026
FWD,2026-06-22 11:15,2026-06-22 13:00,2026-06-22 11:15,202606221300,FA,P,Y,91,NEW,,2346.3107335854734,2026-06-22 11:15,00000,N,ER,OO,False,2026-06-22 11:15,2026-06-22 13:00,,,,,202606221115-KFWD-WGUS84-FLSFWD,Shamburger,2026
FWD,2026-06-02 21:31,2026-06-02 21:55,2026-06-02 21:31,202606030030,FA,P,Y,42,NEW,,930.0846783712598,2026-06-02 21:31,00000,N,ER,OO,False,2026-06-02 21:31,2026-06-02 21:55,,,,,202606022131-KFWD-WGUS84-FLSFWD,Langfeld,2026
FWD,2026-07-07 07:13,2026-07-07 09:15,2026-07-07 07:13,202607070915,FF,P,W,68,NEW,,753.7365434941156,2026-07-07 07:13,00000,0,ER,OO,False,2026-07-07 07:13,2026-07-07 09:15,,,,,202607070713-KFWD-WGUS54-FFWFWD,Dunn,2026
FWD,2026-06-20 07:42,2026-06-20 10:00,2026-06-20 07:42,202606201000,FA,P,Y,89,NEW,,1196.3554848568942,2026-06-20 07:42,00000,N,ER,OO,False,2026-06-20 07:42,2026-06-20 10:00,,,,,202606200742-KFWD-WGUS84-FLSFWD,Shamburger,2026
FWD,2026-06-15 02:44,2026-06-15 05:30,2026-06-15 02:44,202606150530,FF,P,W,56,NEW,,2172.8628252946887,2026-06-15 02:44,00000,0,ER,OO,False,2026-06-15 02:44,2026-06-15 05:33,,,,,202606150244-KFWD-WGUS54-FFWFWD,Bonnette,2026
FWD,2026-06-20 11:15,2026-06-20 15:00,2026-06-20 11:15,202606201500,FF,P,W,65,NEW,,3708.643065031259,2026-06-20 11:15,00000,0,ER,OO,False,2026-06-20 11:15,2026-06-20 15:00,,,,CONSIDERABLE,202606201115-KFWD-WGUS54-FFWFWD,Shamburger,2026
FWD,2026-09-03 13:37,2026-09-03 16:30,2026-09-03 13:37,202609031630,FF,P,W,83,NEW,,2293.6148331739264,2026-09-03 13:37,00000,0,ER,OO,False,2026-09-03 13:37,2026-09-03 14:16,,,,,202609031337-KFWD-WGUS54-FFWFWD,Schroeder,2026
FWD,2026-06-19 10:32,2026-06-19 13:00,2026-06-19 10:32,202606191300,FA,P,Y,81,NEW,,4829.427216387272,2026-06-19 10:32,00000,N,ER,OO,False,2026-06-19 10:32,2026-06-19 12:47,,,,,202606191032-KFWD-WGUS84-FLSFWD,Shamburger,2026
FWD,2026-06-12 16:38,2026-06-12 18:30,2026-06-12 16:38,202606121830,FA,P,Y,62,NEW,,1348.3070482906148,2026-06-12 16:38,00000,N,ER,OO,False,2026-06-12 16:38,2026-06-12 18:24,,,,,202606121638-KFWD-WGUS84-FLSFWD,Prater,2026
FWD,2026-06-19 15:48,2026-06-19 17:45,2026-06-19 15:48,202606191745,FF,P,W,62,NEW,,1554.4753118732046,2026-06-19 15:48,00000,0,ER,OO,False,2026-06-19 15:48,2026-06-19 17:38,,,,,202606191548-KFWD-WGUS54-FFWFWD,Hardy,2026
FWD,2026-06-22 10:15,2026-06-22 12:00,2026-06-22 10:15,202606221200,FA,P,Y,90,NEW,,7361.170822070186,2026-06-22 10:15,00000,N,ER,OO,False,2026-06-22 10:15,2026-06-22 12:00,,,,,202606221015-KFWD-WGUS84-FLSFWD,Shamburger,2026
FWD,2026-06-20 07:38,2026-06-20 10:00,2026-06-20 07:38,202606201000,FA,P,Y,88,NEW,,712.6698062914159,2026-06-20 07:38,00000,N,ER,OO,False,2026-06-20 07:38,2026-06-20 10:00,,,,,202606200738-KFWD-WGUS84-FLSFWD,Shamburger,2026
FWD,2026-07-14 15:36,2026-07-14 18:30,2026-07-14 15:36,202607141830,FF,P,W,78,NEW,,1609.2490393221715,2026-07-14 15:36,00000,0,ER,OO,False,2026-07-14 15:36,2026-07-14 17:15,,,,,202607141536-KFWD-WGUS54-FFWFWD,Schroeder,2026
FWD,2026-06-19 13:33,2026-06-19 16:30,2026-06-19 13:33,202606191630,FA,P,Y,85,NEW,,2222.016916990085,2026-06-19 13:33,00000,N,ER,OO,False,2026-06-19 13:33,2026-06-19 16:30,,,,,202606191333-KFWD-WGUS84-FLSFWD,Stalley,2026
FWD,2026-06-15 00:15,2026-06-15 02:30,2026-06-15 00:15,202606150230,FA,P,Y,69,NEW,,4275.8680270060995,2026-06-15 00:15,00000,N,ER,OO,False,2026-06-15 00:15,2026-06-15 02:15,,,,,202606150015-KFWD-WGUS84-FLSFWD,Bonnette,2026
FWD,2026-06-19 13:52,2026-06-19 16:45,2026-06-19 13:52,202606191645,FA,P,Y,86,NEW,,2222.5584781453185,2026-06-19 13:52,00000,N,ER,OO,False,2026-06-19 13:52,2026-06-19 16:42,,,,,202606191352-KFWD-WGUS84-FLSFWD,Stalley,2026
FWD,2026-06-20 14:48,2026-06-20 18:30,2026-06-20 14:48,202606201830,FA,P,W,11,NEW,,3694.3722787376378,2026-06-20 14:48,00000,0,ER,OO,False,2026-06-20 14:48,2026-06-20 18:30,,,,,202606201448-KFWD-WGUS44-FLWFWD,12,2026
FWD,2026-06-15 01:07,2026-06-15 03:00,2026-06-15 01:07,202606150300,FA,P,Y,71,NEW,,3592.3761427389554,2026-06-15 01:07,00000,N,ER,OO,False,2026-06-15 01:07,2026-06-15 03:00,,,,,202606150107-KFWD-WGUS84-FLSFWD,Bonnette,2026
FWD,2026-06-23 15:54,2026-06-23 19:00,2026-06-23 15:54,202606231900,FA,P,W,12,NEW,,1980.3446399741476,2026-06-23 15:54,00000,0,ER,OO,False,2026-06-23 15:54,2026-06-23 18:59,,,,,202606231554-KFWD-WGUS44-FLWFWD,Bonnette,2026
FWD,2026-06-19 15:16,2026-06-19 18:15,2026-06-19 15:16,202606191815,FA,P,Y,87,NEW,,2790.3378725024377,2026-06-19 15:16,00000,N,ER,OO,False,2026-06-19 15:16,2026-06-19 18:10,,,,,202606191516-KFWD-WGUS84-FLSFWD,Hardy,2026
FWD,2026-06-20 08:49,2026-06-20 12:00,2026-06-20 08:49,202606201200,FF,P,W,63,NEW,,1620.3013755172249,2026-06-20 08:49,00000,0,ER,OO,False,2026-06-20 08:49,2026-06-20 12:00,,,,,202606200849-KFWD-WGUS54-FFWFWD,Shamburger,2026
FWD,2026-06-15 04:25,2026-06-15 07:30,2026-06-15 04:25,202606150730,FF,P,W,58,NEW,,1779.767655411931,2026-06-15 04:25,00000,0,ER,OO,False,2026-06-15 04:25,2026-06-15 07:30,,,,,202606150425-KFWD-WGUS54-FFWFWD,Langfeld,2026
FWD,2026-06-15 07:29,2026-06-15 10:30,2026-06-15 07:29,202606151030,FA,P,W,9,NEW,,2635.088644184199,2026-06-15 07:29,00000,0,ER,OO,False,2026-06-15 07:29,2026-06-15 10:22,,,,,202606150729-KFWD-WGUS44-FLWFWD,Langfeld,2026
FWD,2026-06-15 05:33,2026-06-15 07:30,2026-06-15 05:33,202606150730,FA,P,W,8,NEW,,883.6156168053305,2026-06-15 05:33,00000,0,ER,OO,False,2026-06-15 05:33,2026-06-15 07:30,,,,,202606150533-KFWD-WGUS44-FLWFWD,Langfeld,2026
FWD,2026-05-27 07:10,2026-05-27 08:15,2026-05-27 07:10,202605270815,SV,P,W,203,NEW,,2658.6139982805744,2026-05-27 07:10,,,,,False,2026-05-27 07:10,2026-05-27 07:26,60.0,0.75,POSSIBLE,,202605270710-KFWD-WUUS54-SVRFWD,Langfeld,2026
FWD,2026-06-23 21:53,2026-06-24 01:00,2026-06-23 21:53,202606240100,FA,P,Y,93,NEW,,4706.727848524975,2026-06-23 21:53,00000,N,ER,OO,False,2026-06-23 21:53,2026-06-24 01:00,,,,,202606232153-KFWD-WGUS84-FLSFWD,Hardy,2026
FWD,2026-05-27 23:45,2026-05-28 20:00,2026-05-27 12:50,202605281801,FL,C,W,21,EXT,TXC231,2285.79638671875,2026-05-28 00:33,QLAT2,1,ER,NO,False,,,,,,,202605271250-KFWD-WGUS44-FLWFWD,Bonnette,2026
FWD,2026-05-27 23:45,2026-05-28 20:00,2026-05-27 12:50,202605281801,FL,C,W,21,EXT,TXC397,385.27215576171875,2026-05-28 00:33,QLAT2,1,ER,NO,False,,,,,,,202605271250-KFWD-WGUS44-FLWFWD,Bonnette,2026
FWD,2026-06-05 20:19,2026-06-05 23:00,2026-06-05 20:19,202606052300,FA,C,Y,46,NEW,TXC027,2820.4619140625,2026-06-05 20:19,00000,N,ER,OO,False,,,,,,,202606052019-KFWD-WGUS84-FLSFWD,Shamburger,2026
FWD,2026-06-05 20:19,2026-06-05 23:00,2026-06-05 20:19,202606052300,FA,C,Y,46,NEW,TXC309,2748.083740234375,2026-06-05 20:19,00000,N,ER,OO,False,,,,,,,202606052019-KFWD-WGUS84-FLSFWD,Shamburger,2026
FWD,2026-05-27 14:24,2026-05-27 17:30,2026-05-27 14:24,202605271730,FF,C,W,36,EXP,TXC257,2091.041015625,2026-05-27 17:23,00000,0,ER,OO,False,,,,,,,202605271424-KFWD-WGUS54-FFWFWD,Bonnette,2026
FWD,2026-05-27 15:49,2026-05-27 18:00,2026-05-27 15:49,202605271800,FF,C,W,37,EXP,TXC085,2295.47705078125,2026-05-27 17:53,00000,0,ER,OO,False,,,,,,,202605271549-KFWD-WGUS54-FFWFWD,Bonnette,2026
FWD,2026-05-27 16:12,2026-05-27 19:00,2026-05-27 16:12,202605271800,FF,C,W,38,EXP,TXC147,2329.727294921875,2026-05-27 18:54,00000,0,ER,OO,False,,,,,,,202605271612-KFWD-WGUS54-FFWFWD,Bonnette,2026
FWD,2026-05-27 16:12,2026-05-27 19:00,2026-05-27 16:12,202605271800,FF,C,W,38,EXP,TXC181,2537.125732421875,2026-05-27 18:54,00000,0,ER,OO,False,,,,,,,202605271612-KFWD-WGUS54-FFWFWD,Bonnette,2026
FWD,2026-05-27 19:05,2026-05-28 00:00,2026-05-27 19:05,202605272200,FA,C,W,2,EXP,TXC147,2329.727294921875,2026-05-27 23:56,00000,0,ER,OO,False,,,,,,,202605271905-KFWD-WGUS44-FLWFWD,Bonnette,2026
FWD,2026-05-27 01:19,2026-05-27 04:30,2026-05-27 01:19,202605270430,FA,C,Y,38,NEW,TXC027,2820.4619140625,2026-05-27 01:19,00000,N,ER,OO,False,,,,,,,202605270119-KFWD-WGUS84-FLSFWD,Langfeld,2026
FWD,2026-05-27 02:02,2026-05-27 06:15,2026-05-27 02:02,202605270515,FF,C,W,35,EXP,TXC027,2820.4619140625,2026-05-27 06:13,00000,0,ER,OO,False,,,,,,,202605270202-KFWD-WGUS54-FFWFWD,Langfeld,2026
FWD,2026-05-27 04:31,2026-05-27 07:30,2026-05-27 04:31,202605270730,FA,C,Y,39,NEW,TXC161,2312.48291015625,2026-05-27 04:31,00000,N,ER,OO,False,,,,,,,202605270431-KFWD-WGUS84-FLSFWD,Langfeld,2026
FWD,2026-05-27 04:31,2026-05-27 07:30,2026-05-27 04:31,202605270730,FA,C,Y,39,NEW,TXC289,2800.714111328125,2026-05-27 04:31,00000,N,ER,OO,False,,,,,,,202605270431-KFWD-WGUS84-FLSFWD,Langfeld,2026
FWD,2026-05-27 04:31,2026-05-27 07:30,2026-05-27 04:31,202605270730,FA,C,Y,39,NEW,TXC293,2418.9755859375,2026-05-27 04:31,00000,N,ER,OO,False,,,,,,,202605270431-KFWD-WGUS84-FLSFWD,Langfeld,2026
FWD,2026-05-27 07:10,2026-05-27 08:15,2026-05-27 07:10,202605270815,SV,C,W,203,EXP,TXC289,2800.714111328125,2026-05-27 08:11,,,,,False,,,,,,,202605270710-KFWD-WUUS54-SVRFWD,Langfeld,2026
FWD,2026-05-27 07:10,2026-05-27 07:26,2026-05-27 07:10,202605270815,SV,C,W,203,CAN,TXC395,2244.22119140625,2026-05-27 07:26,,,,,False,,,,,,,202605270710-KFWD-WUUS54-SVRFWD,Langfeld,2026
FWD,2026-05-27 19:05,2026-05-28 00:00,2026-05-27 19:05,202605272200,FA,C,W,2,EXP,TXC181,2537.125732421875,2026-05-27 23:56,00000,0,ER,OO,False,,,,,,,202605271905-KFWD-WGUS44-FLWFWD,Bonnette,2026
FWD,2026-07-14 10:50,2026-07-14 13:00,2026-07-14 10:50,202607141300,FA,C,Y,109,NEW,TXC289,2800.714111328125,2026-07-14 10:50,00000,N,ER,OO,False,,,,,,,202607141050-KFWD-WGUS84-FLSFWD,Stalley,2026
FWD,2026-06-15 22:30,2026-06-16 01:00,2026-06-15 22:30,202606160100,FA,C,Y,76,NEW,TXC217,2554.8603515625,2026-06-15 22:30,00000,N,ER,OO,False,,,,,,,202606152230-KFWD-WGUS84-FLSFWD,Shamburger,2026
FWD,2026-05-27 13:10,2026-05-27 16:00,2026-05-27 13:10,202605271600,FA,C,Y,40,NEW,TXC257,2091.041015625,2026-05-27 13:10,00000,N,ER,OO,False,,,,,,,202605271310-KFWD-WGUS84-FLSFWD,Bonnette,2026
FWD,2026-05-27 14:11,2026-05-27 16:00,2026-05-27 14:11,202605271600,FA,C,Y,41,NEW,TXC085,2295.47705078125,2026-05-27 14:11,00000,N,ER,OO,False,,,,,,,202605271411-KFWD-WGUS84-FLSFWD,Bonnette,2026
FWD,2026-05-27 14:11,2026-05-27 16:00,2026-05-27 14:11,202605271600,FA,C,Y,41,NEW,TXC113,2354.464599609375,2026-05-27 14:11,00000,N,ER,OO,False,,,,,,,202605271411-KFWD-WGUS84-FLSFWD,Bonnette,2026
FWD,2026-05-27 14:11,2026-05-27 16:00,2026-05-27 14:11,202605271600,FA,C,Y,41,NEW,TXC257,2091.041015625,2026-05-27 14:11,00000,N,ER,OO,False,,,,,,,202605271411-KFWD-WGUS84-FLSFWD,Bonnette,2026
FWD,2026-05-27 14:11,2026-05-27 16:00,2026-05-27 14:11,202605271600,FA,C,Y,41,NEW,TXC397,385.27215576171875,2026-05-27 14:11,00000,N,ER,OO,False,,,,,,,202605271411-KFWD-WGUS84-FLSFWD,Bonnette,2026
FWD,2026-05-27 14:24,2026-05-27 17:30,2026-05-27 14:24,202605271730,FF,C,W,36,EXP,TXC113,2354.464599609375,2026-05-27 17:23,00000,0,ER,OO,False,,,,,,,202605271424-KFWD-WGUS54-FFWFWD,Bonnette,2026
FWD,2026-05-27 16:08,2026-05-27 18:55,2026-05-27 14:51,202605280000,FL,C,W,22,CAN,TXC027,2820.4619140625,2026-05-27 18:55,LRIT2,1,ER,NO,False,,,,,,,202605271451-KFWD-WGUS44-FLWFWD,Bonnette,2026
FWD,2026-05-27 14:24,2026-05-27 17:30,2026-05-27 14:24,202605271730,FF,C,W,36,EXP,TXC397,385.27215576171875,2026-05-27 17:23,00000,0,ER,OO,False,,,,,,,202605271424-KFWD-WGUS54-FFWFWD,Bonnette,2026
FWD,2026-05-28 20:40,2026-05-28 21:15,2026-05-28 20:40,202605282115,SV,C,W,204,CON,TXC367,2358.543212890625,2026-05-28 21:03,,,,,False,,,,,,,202605282040-KFWD-WUUS54-SVRFWD,Fenske,2026
FWD,2026-05-28 20:40,2026-05-28 21:15,2026-05-28 20:40,202605282115,SV,C,W,204,CON,TXC439,2325.8603515625,2026-05-28 21:03,,,,,False,,,,,,,202605282040-KFWD-WUUS54-SVRFWD,Fenske,2026
FWD,2026-05-28 21:12,2026-05-28 22:00,2026-05-28 21:12,202605282200,SV,C,W,205,CON,TXC221,1131.8604736328125,2026-05-28 21:46,,,,,False,,,,,,,202605282112-KFWD-WUUS54-SVRFWD,Fenske,2026
FWD,2026-05-28 21:12,2026-05-28 22:00,2026-05-28 21:12,202605282200,SV,C,W,205,CON,TXC251,1903.355712890625,2026-05-28 21:46,,,,,False,,,,,,,202605282112-KFWD-WUUS54-SVRFWD,Fenske,2026
FWD,2026-05-28 21:12,2026-05-28 22:00,2026-05-28 21:12,202605282200,SV,C,W,205,CON,TXC367,2358.543212890625,2026-05-28 21:46,,,,,False,,,,,,,202605282112-KFWD-WUUS54-SVRFWD,Fenske,2026
FWD,2026-05-28 21:12,2026-05-28 22:00,2026-05-28 21:12,202605282200,SV,C,W,205,CON,TXC439,2325.8603515625,2026-05-28 21:46,,,,,False,,,,,,,202605282112-KFWD-WUUS54-SVRFWD,Fenske,2026
FWD,2026-05-28 21:56,2026-05-28 22:38,2026-05-28 21:56,202605282300,SV,C,W,206,CAN,TXC221,1131.8604736328125,2026-05-28 22:38,,,,,False,,,,,,,202605282156-KFWD-WUUS54-SVRFWD,Shamburger,2026
FWD,2026-05-28 21:56,2026-05-28 22:38,2026-05-28 21:56,202605282300,SV,C,W,206,CAN,TXC251,1903.355712890625,2026-05-28 22:38,,,,,False,,,,,,,202605282156-KFWD-WUUS54-SVRFWD,Shamburger,2026
FWD,2026-05-28 21:56,2026-05-28 22:38,2026-05-28 21:56,202605282300,SV,C,W,206,CAN,TXC367,2358.543212890625,2026-05-28 22:38,,,,,False,,,,,,,202605282156-KFWD-WUUS54-SVRFWD,Shamburger,2026
FWD,2026-05-28 21:56,2026-05-28 22:38,2026-05-28 21:56,202605282300,SV,C,W,206,CAN,TXC439,2325.8603515625,2026-05-28 22:38,,,,,False,,,,,,,202605282156-KFWD-WUUS54-SVRFWD,Shamburger,2026
FWD,2026-06-15 23:08,2026-06-16 02:02,2026-06-15 23:08,202606160215,FA,C,Y,77,CAN,TXC349,2815.175537109375,2026-06-16 02:02,00000,N,ER,OO,False,,,,,,,202606152308-KFWD-WGUS84-FLSFWD,Prater,2026
FWD,2026-06-20 07:38,2026-06-20 10:00,2026-06-20 07:38,202606201000,FA,C,Y,88,NEW,TXC001,2793.626953125,2026-06-20 07:38,00000,N,ER,OO,False,,,,,,,202606200738-KFWD-WGUS84-FLSFWD,Shamburger,2026
FWD,2026-06-20 07:42,2026-06-20 10:00,2026-06-20 07:42,202606201000,FA,C,Y,89,NEW,TXC161,2312.48291015625,2026-06-20 07:42,00000,N,ER,OO,False,,,,,,,202606200742-KFWD-WGUS84-FLSFWD,Shamburger,2026
FWD,2026-06-20 07:42,2026-06-20 10:00,2026-06-20 07:42,202606201000,FA,C,Y,89,NEW,TXC289,2800.714111328125,2026-06-20 07:42,00000,N,ER,OO,False,,,,,,,202606200742-KFWD-WGUS84-FLSFWD,Shamburger,2026
FWD,2026-06-20 07:42,2026-06-20 10:00,2026-06-20 07:42,202606201000,FA,C,Y,89,NEW,TXC293,2418.9755859375,2026-06-20 07:42,00000,N,ER,OO,False,,,,,,,202606200742-KFWD-WGUS84-FLSFWD,Shamburger,2026
FWD,2026-06-07 04:23,2026-06-07 11:30,2026-06-07 04:23,202606070730,FF,C,W,43,EXP,TXC035,2598.81591796875,2026-06-07 11:27,00000,0,ER,OO,False,,,,,,,202606070423-KFWD-WGUS54-FFWFWD,Prater,2026
FWD,2026-06-05 19:35,2026-06-05 23:00,2026-06-05 19:35,202606052300,FA,C,Y,45,NEW,TXC331,2648.720458984375,2026-06-05 19:35,00000,N,ER,OO,False,,,,,,,202606051935-KFWD-WGUS84-FLSFWD,Shamburger,2026
FWD,2026-06-07 05:28,2026-06-07 08:30,2026-06-07 05:28,202606070830,FA,C,Y,52,NEW,TXC139,2466.30029296875,2026-06-07 05:28,00000,N,ER,OO,False,,,,,,,202606070528-KFWD-WGUS84-FLSFWD,Prater,2026
FWD,2026-06-07 05:43,2026-06-07 07:45,2026-06-07 05:43,202606070745,FA,C,Y,53,NEW,TXC143,2824.395263671875,2026-06-07 05:43,00000,N,ER,OO,False,,,,,,,202606070543-KFWD-WGUS84-FLSFWD,Schroeder,2026
FWD,2026-06-07 05:43,2026-06-07 07:45,2026-06-07 05:43,202606070745,FA,C,Y,53,NEW,TXC221,1131.8604736328125,2026-06-07 05:43,00000,N,ER,OO,False,,,,,,,202606070543-KFWD-WGUS84-FLSFWD,Schroeder,2026
FWD,2026-06-07 05:43,2026-06-07 07:45,2026-06-07 05:43,202606070745,FA,C,Y,53,NEW,TXC363,2553.9892578125,2026-06-07 05:43,00000,N,ER,OO,False,,,,,,,202606070543-KFWD-WGUS84-FLSFWD,Schroeder,2026
FWD,2026-06-07 05:43,2026-06-07 07:45,2026-06-07 05:43,202606070745,FA,C,Y,53,NEW,TXC367,2358.543212890625,2026-06-07 05:43,00000,N,ER,OO,False,,,,,,,202606070543-KFWD-WGUS84-FLSFWD,Schroeder,2026
FWD,2026-06-02 19:22,2026-06-02 19:45,2026-06-02 19:22,202606022015,SV,C,W,207,CAN,TXC213,2459.52685546875,2026-06-02 19:45,,,,,False,,,,,,,202606021922-KFWD-WUUS54-SVRFWD,Shamburger,2026
FWD,2026-06-02 19:22,2026-06-02 19:50,2026-06-02 19:22,202606022015,SV,C,W,207,CAN,TXC467,2227.31298828125,2026-06-02 19:50,,,,,False,,,,,,,202606021922-KFWD-WUUS54-SVRFWD,Shamburger,2026
FWD,2026-06-02 20:38,2026-06-02 21:27,2026-06-02 20:38,202606022145,SV,C,W,208,CAN,TXC231,2285.79638671875,2026-06-02 21:27,,,,,False,,,,,,,202606022038-KFWD-WUUS54-SVRFWD,Shamburger,2026
FWD,2026-06-02 20:38,2026-06-02 21:27,2026-06-02 20:38,202606022145,SV,C,W,208,CAN,TXC379,670.7362060546875,2026-06-02 21:27,,,,,False,,,,,,,202606022038-KFWD-WUUS54-SVRFWD,Shamburger,2026
FWD,2026-06-02 20:42,2026-06-02 21:00,2026-06-02 20:42,202606022130,SV,C,W,209,CAN,TXC085,2295.47705078125,2026-06-02 21:00,,,,,False,,,,,,,202606022042-KFWD-WUUS54-SVRFWD,Shamburger,2026
FWD,2026-06-02 20:42,2026-06-02 21:00,2026-06-02 20:42,202606022130,SV,C,W,209,CAN,TXC113,2354.464599609375,2026-06-02 21:00,,,,,False,,,,,,,202606022042-KFWD-WUUS54-SVRFWD,Shamburger,2026
FWD,2026-06-02 20:42,2026-06-02 21:00,2026-06-02 20:42,202606022130,SV,C,W,209,CAN,TXC397,385.27215576171875,2026-06-02 21:00,,,,,False,,,,,,,202606022042-KFWD-WUUS54-SVRFWD,Shamburger,2026
FWD,2026-06-02 20:38,2026-06-02 21:27,2026-06-02 20:38,202606022145,SV,C,W,208,CAN,TXC467,2227.31298828125,2026-06-02 21:27,,,,,False,,,,,,,202606022038-KFWD-WUUS54-SVRFWD,Shamburger,2026
FWD,2026-06-02 20:50,2026-06-02 21:30,2026-06-02 20:50,202606022130,SV,C,W,210,CON,TXC113,2354.464599609375,2026-06-02 21:12,,,,,False,,,,,,,202606022050-KFWD-WUUS54-SVRFWD,Shamburger,2026
FWD,2026-06-02 20:50,2026-06-02 21:30,2026-06-02 20:50,202606022130,SV,C,W,210,CON,TXC139,2466.30029296875,2026-06-02 21:12,,,,,False,,,,,,,202606022050-KFWD-WUUS54-SVRFWD,Shamburger,2026
FWD,2026-06-02 20:50,2026-06-02 21:30,2026-06-02 20:50,202606022130,SV,C,W,210,CON,TXC257,2091.041015625,2026-06-02 21:12,,,,,False,,,,,,,202606022050-KFWD-WUUS54-SVRFWD,Shamburger,2026
FWD,2026-06-02 21:31,2026-06-02 21:55,2026-06-02 21:31,202606030030,FA,C,Y,42,CAN,TXC223,2054.214111328125,2026-06-02 21:55,00000,N,ER,OO,False,,,,,,,202606022131-KFWD-WGUS84-FLSFWD,Langfeld,2026
FWD,2026-06-02 21:31,2026-06-02 21:55,2026-06-02 21:31,202606030030,FA,C,Y,42,CAN,TXC379,670.7362060546875,2026-06-02 21:55,00000,N,ER,OO,False,,,,,,,202606022131-KFWD-WGUS84-FLSFWD,Langfeld,2026
FWD,2026-06-02 21:55,2026-06-03 00:45,2026-06-02 21:55,202606030045,FF,C,W,39,EXP,TXC223,2054.214111328125,2026-06-03 00:35,00000,0,ER,OO,False,,,,,,,202606022155-KFWD-WGUS54-FFWFWD,Langfeld,2026
FWD,2026-06-02 21:55,2026-06-03 00:45,2026-06-02 21:55,202606030045,FF,C,W,39,EXP,TXC467,2227.31298828125,2026-06-03 00:35,00000,0,ER,OO,False,,,,,,,202606022155-KFWD-WGUS54-FFWFWD,Langfeld,2026
FWD,2026-06-02 22:07,2026-06-02 23:00,2026-06-02 22:07,202606022300,SV,C,W,211,CON,TXC113,2354.464599609375,2026-06-02 22:30,,,,,False,,,,,,,202606022207-KFWD-WUUS54-SVRFWD,Shamburger,2026
FWD,2026-06-02 22:07,2026-06-02 23:00,2026-06-02 22:07,202606022300,SV,C,W,211,CON,TXC139,2466.30029296875,2026-06-02 22:30,,,,,False,,,,,,,202606022207-KFWD-WUUS54-SVRFWD,Shamburger,2026
FWD,2026-06-02 22:29,2026-06-03 01:30,2026-06-02 22:29,202606030130,FA,C,Y,43,EXP,TXC113,2354.464599609375,2026-06-03 01:31,00000,N,ER,OO,False,,,,,,,202606022229-KFWD-WGUS84-FLSFWD,Langfeld,2026
FWD,2026-06-02 22:29,2026-06-03 01:30,2026-06-02 22:29,202606030130,FA,C,Y,43,EXP,TXC439,2325.8603515625,2026-06-03 01:31,00000,N,ER,OO,False,,,,,,,202606022229-KFWD-WGUS84-FLSFWD,Langfeld,2026
FWD,2026-06-02 22:07,2026-06-02 23:00,2026-06-02 22:07,202606022300,SV,C,W,211,CON,TXC251,1903.355712890625,2026-06-02 22:30,,,,,False,,,,,,,202606022207-KFWD-WUUS54-SVRFWD,Shamburger,2026
FWD,2026-06-02 22:07,2026-06-02 23:00,2026-06-02 22:07,202606022300,SV,C,W,211,CON,TXC439,2325.8603515625,2026-06-02 22:30,,,,,False,,,,,,,202606022207-KFWD-WUUS54-SVRFWD,Shamburger,2026
FWD,2026-06-02 23:08,2026-06-02 23:49,2026-06-02 23:08,202606030000,SV,C,W,212,CAN,TXC221,1131.8604736328125,2026-06-02 23:49,,,,,False,,,,,,,202606022308-KFWD-WUUS54-SVRFWD,Shamburger,2026
FWD,2026-06-02 23:08,2026-06-02 23:44,2026-06-02 23:08,202606030000,SV,C,W,212,CAN,TXC367,2358.543212890625,2026-06-02 23:44,,,,,False,,,,,,,202606022308-KFWD-WUUS54-SVRFWD,Shamburger,2026
FWD,2026-06-02 23:34,2026-06-03 02:30,2026-06-02 23:34,202606030230,FA,C,Y,44,EXP,TXC367,2358.543212890625,2026-06-03 02:37,00000,N,ER,OO,False,,,,,,,202606022334-KFWD-WGUS84-FLSFWD,Langfeld,2026
FWD,2026-06-02 23:34,2026-06-03 02:30,2026-06-02 23:34,202606030230,FA,C,Y,44,EXP,TXC439,2325.8603515625,2026-06-03 02:37,00000,N,ER,OO,False,,,,,,,202606022334-KFWD-WGUS84-FLSFWD,Langfeld,2026
FWD,2026-06-02 21:55,2026-06-03 00:45,2026-06-02 21:55,202606030045,FF,C,W,39,EXP,TXC231,2285.79638671875,2026-06-03 00:35,00000,0,ER,OO,False,,,,,,,202606022155-KFWD-WGUS54-FFWFWD,Langfeld,2026
FWD,2026-06-02 21:55,2026-06-03 00:45,2026-06-02 21:55,202606030045,FF,C,W,39,EXP,TXC379,670.7362060546875,2026-06-03 00:35,00000,0,ER,OO,False,,,,,,,202606022155-KFWD-WGUS54-FFWFWD,Langfeld,2026
FWD,2026-06-03 00:58,2026-06-03 01:39,2026-06-03 00:58,202606030200,SV,C,W,213,CAN,TXC429,2388.110107421875,2026-06-03 01:39,,,,,False,,,,,,,202606030058-KFWD-WUUS54-SVRFWD,Shamburger,2026
FWD,2026-06-07 07:06,2026-06-07 12:16,2026-06-07 07:06,202606071000,FF,C,W,46,CAN,TXC251,1903.355712890625,2026-06-07 12:16,00000,0,ER,OO,False,,,,,,,202606070706-KFWD-WGUS54-FFWFWD,Schroeder,2026
FWD,2026-06-07 06:24,2026-06-07 12:18,2026-06-07 06:24,202606070930,FF,C,W,44,CAN,TXC139,2466.30029296875,2026-06-07 12:18,00000,0,ER,OO,False,,,,,,,202606070624-KFWD-WGUS54-FFWFWD,Schroeder,2026
FWD,2026-06-07 07:32,2026-06-07 12:14,2026-06-07 07:32,202606071030,FF,C,W,47,CAN,TXC113,2354.464599609375,2026-06-07 12:14,00000,0,ER,OO,False,,,,,,,202606070732-KFWD-WGUS54-FFWFWD,Schroeder,2026
FWD,2026-06-07 09:20,2026-06-07 12:52,2026-06-07 07:45,202606080600,FL,C,W,25,CAN,TXC439,2325.8603515625,2026-06-07 12:52,MNFT2,2,ER,NO,False,,,,,,,202606070745-KFWD-WGUS44-FLWFWD,Schroeder,2026
FWD,2026-06-07 08:40,2026-06-07 12:52,2026-06-07 07:45,202606080000,FL,C,W,24,CAN,TXC113,2354.464599609375,2026-06-07 12:52,DWRT2,1,ER,NO,False,,,,,,,202606070745-KFWD-WGUS44-FLWFWD,Schroeder,2026
FWD,2026-06-07 06:31,2026-06-07 11:00,2026-06-07 06:31,202606070930,FF,C,W,45,EXP,TXC221,1131.8604736328125,2026-06-07 10:55,00000,0,ER,OO,False,,,,,,,202606070631-KFWD-WGUS54-FFWFWD,Schroeder,2026
FWD,2026-06-07 18:23,2026-06-09 01:06,2026-06-07 07:47,202606081400,FL,C,W,26,CAN,TXC231,2285.79638671875,2026-06-09 01:06,QLAT2,1,ER,NO,False,,,,,,,202606070747-KFWD-WGUS44-FLWFWD,Schroeder,2026
FWD,2026-06-07 18:23,2026-06-09 01:06,2026-06-07 07:47,202606081400,FL,C,W,26,CAN,TXC397,385.27215576171875,2026-06-09 01:06,QLAT2,1,ER,NO,False,,,,,,,202606070747-KFWD-WGUS44-FLWFWD,Schroeder,2026
FWD,2026-06-07 08:14,2026-06-07 12:19,2026-06-07 08:14,202606071115,FF,C,W,48,CAN,TXC257,2091.041015625,2026-06-07 12:19,00000,0,ER,OO,False,,,,,,,202606070814-KFWD-WGUS54-FFWFWD,Schroeder,2026
FWD,2026-06-06 12:00,2026-06-07 21:00,2026-06-06 05:22,202606072100,FA,C,A,3,EXP,TXZ091,2431.44677734375,2026-06-07 20:55,00000,0,ER,OO,False,,,,,,,202606060522-KFWD-WGUS64-FFAFWD,Stalley,2026
FWD,2026-06-06 12:00,2026-06-07 21:00,2026-06-06 05:22,202606072100,FA,C,A,3,EXP,TXZ092,2328.731689453125,2026-06-07 20:55,00000,0,ER,OO,False,,,,,,,202606060522-KFWD-WGUS64-FFAFWD,Stalley,2026
FWD,2026-06-07 04:23,2026-06-07 11:30,2026-06-07 04:23,202606070730,FF,C,W,43,EXP,TXC217,2554.8603515625,2026-06-07 11:27,00000,0,ER,OO,False,,,,,,,202606070423-KFWD-WGUS54-FFWFWD,Prater,2026
FWD,2026-06-07 07:06,2026-06-07 12:16,2026-06-07 07:06,202606071000,FF,C,W,46,CAN,TXC439,2325.8603515625,2026-06-07 12:16,00000,0,ER,OO,False,,,,,,,202606070706-KFWD-WGUS54-FFWFWD,Schroeder,2026
FWD,2026-06-06 06:19,2026-06-06 08:15,2026-06-06 06:19,202606060815,FA,C,Y,47,NEW,TXC027,2820.4619140625,2026-06-06 06:19,00000,N,ER,OO,False,,,,,,,202606060619-KFWD-WGUS84-FLSFWD,Prater,2026
FWD,2026-06-06 06:48,2026-06-06 11:30,2026-06-06 06:48,202606060945,FF,C,W,40,EXP,TXC027,2820.4619140625,2026-06-06 11:22,00000,0,ER,OO,False,,,,,,,202606060648-KFWD-WGUS54-FFWFWD,Prater,2026
FWD,2026-06-06 07:14,2026-06-06 10:30,2026-06-06 07:14,202606061030,FA,C,Y,48,NEW,TXC145,2005.983642578125,2026-06-06 07:14,00000,N,ER,OO,False,,,,,,,202606060714-KFWD-WGUS84-FLSFWD,Stalley,2026
FWD,2026-06-06 07:14,2026-06-06 10:30,2026-06-06 07:14,202606061030,FA,C,Y,48,NEW,TXC309,2748.083740234375,2026-06-06 07:14,00000,N,ER,OO,False,,,,,,,202606060714-KFWD-WGUS84-FLSFWD,Stalley,2026
FWD,2026-06-06 08:23,2026-06-06 14:00,2026-06-06 08:23,202606061130,FF,C,W,41,EXP,TXC027,2820.4619140625,2026-06-06 13:55,00000,0,ER,OO,False,,,,,,,202606060823-KFWD-WGUS54-FFWFWD,Stalley,2026
FWD,2026-06-06 08:23,2026-06-06 14:00,2026-06-06 08:23,202606061130,FF,C,W,41,EXP,TXC145,2005.983642578125,2026-06-06 13:55,00000,0,ER,OO,False,,,,,,,202606060823-KFWD-WGUS54-FFWFWD,Stalley,2026
FWD,2026-06-07 10:24,2026-06-07 12:30,2026-06-07 10:24,202606071230,FA,C,Y,54,EXP,TXC439,2325.8603515625,2026-06-07 12:26,00000,N,ER,OO,False,,,,,,,202606071024-KFWD-WGUS84-FLSFWD,Schroeder,2026
FWD,2026-06-07 06:31,2026-06-07 11:00,2026-06-07 06:31,202606070930,FF,C,W,45,EXP,TXC425,497.27447509765625,2026-06-07 10:55,00000,0,ER,OO,False,,,,,,,202606070631-KFWD-WGUS54-FFWFWD,Schroeder,2026
FWD,2026-06-07 04:23,2026-06-07 11:30,2026-06-07 04:23,202606070730,FF,C,W,43,EXP,TXC251,1903.355712890625,2026-06-07 11:27,00000,0,ER,OO,False,,,,,,,202606070423-KFWD-WGUS54-FFWFWD,Prater,2026
FWD,2026-06-06 14:35,2026-06-06 18:22,2026-06-06 14:35,202606061800,FA,C,W,3,CAN,TXC293,2418.9755859375,2026-06-06 18:22,00000,0,ER,OO,False,,,,,,,202606061435-KFWD-WGUS44-FLWFWD,Darrah,2026
FWD,2026-06-06 14:35,2026-06-06 18:22,2026-06-06 14:35,202606061800,FA,C,W,3,CAN,TXC309,2748.083740234375,2026-06-06 18:22,00000,0,ER,OO,False,,,,,,,202606061435-KFWD-WGUS44-FLWFWD,Darrah,2026
FWD,2026-06-06 14:35,2026-06-06 18:51,2026-06-06 14:35,202606061800,FA,C,W,3,CAN,TXC027,2820.4619140625,2026-06-06 18:51,00000,0,ER,OO,False,,,,,,,202606061435-KFWD-WGUS44-FLWFWD,Darrah,2026
FWD,2026-06-06 14:35,2026-06-06 18:51,2026-06-06 14:35,202606061800,FA,C,W,3,CAN,TXC145,2005.983642578125,2026-06-06 18:51,00000,0,ER,OO,False,,,,,,,202606061435-KFWD-WGUS44-FLWFWD,Darrah,2026
FWD,2026-06-06 12:00,2026-06-07 21:00,2026-06-06 05:22,202606072100,FA,C,A,3,EXP,TXZ093,2537.125732421875,2026-06-07 20:55,00000,0,ER,OO,False,,,,,,,202606060522-KFWD-WGUS64-FFAFWD,Stalley,2026
FWD,2026-06-06 12:00,2026-06-07 21:00,2026-06-06 05:22,202606072100,FA,C,A,3,EXP,TXZ094,2329.727294921875,2026-06-07 20:55,00000,0,ER,OO,False,,,,,,,202606060522-KFWD-WGUS64-FFAFWD,Stalley,2026
FWD,2026-06-06 12:00,2026-06-07 21:00,2026-06-06 05:22,202606072100,FA,C,A,3,EXP,TXZ101,2384.284912109375,2026-06-07 20:55,00000,0,ER,OO,False,,,,,,,202606060522-KFWD-WGUS64-FFAFWD,Stalley,2026
FWD,2026-06-06 12:00,2026-06-07 21:00,2026-06-06 05:22,202606072100,FA,C,A,3,EXP,TXZ100,2411.92529296875,2026-06-07 20:55,00000,0,ER,OO,False,,,,,,,202606060522-KFWD-WGUS64-FFAFWD,Stalley,2026
FWD,2026-06-07 12:16,2026-06-07 15:15,2026-06-07 12:16,202606071515,FA,C,W,5,EXP,TXC439,2325.8603515625,2026-06-07 15:08,00000,0,ER,OO,False,,,,,,,202606071216-KFWD-WGUS44-FLWFWD,Darrah,2026
FWD,2026-06-06 12:00,2026-06-07 21:00,2026-06-06 05:22,202606072100,FA,C,A,3,EXP,TXZ117,2358.543212890625,2026-06-07 20:55,00000,0,ER,OO,False,,,,,,,202606060522-KFWD-WGUS64-FFAFWD,Stalley,2026
FWD,2026-06-06 12:00,2026-06-07 21:00,2026-06-06 05:22,202606072100,FA,C,A,3,EXP,TXZ134,2466.30029296875,2026-06-07 20:55,00000,0,ER,OO,False,,,,,,,202606060522-KFWD-WGUS64-FFAFWD,Stalley,2026
FWD,2026-06-07 12:16,2026-06-07 15:15,2026-06-07 12:16,202606071515,FA,C,W,5,EXP,TXC221,1131.8604736328125,2026-06-07 15:08,00000,0,ER,OO,False,,,,,,,202606071216-KFWD-WGUS44-FLWFWD,Darrah,2026
FWD,2026-06-07 12:16,2026-06-07 15:15,2026-06-07 12:16,202606071515,FA,C,W,5,EXP,TXC251,1903.355712890625,2026-06-07 15:08,00000,0,ER,OO,False,,,,,,,202606071216-KFWD-WGUS44-FLWFWD,Darrah,2026
FWD,2026-06-07 12:18,2026-06-07 15:15,2026-06-07 12:18,202606071515,FA,C,W,6,EXP,TXC113,2354.464599609375,2026-06-07 15:12,00000,0,ER,OO,False,,,,,,,202606071218-KFWD-WGUS44-FLWFWD,Darrah,2026
FWD,2026-06-07 12:18,2026-06-07 15:15,2026-06-07 12:18,202606071515,FA,C,W,6,EXP,TXC139,2466.30029296875,2026-06-07 15:12,00000,0,ER,OO,False,,,,,,,202606071218-KFWD-WGUS44-FLWFWD,Darrah,2026
FWD,2026-06-07 12:18,2026-06-07 15:15,2026-06-07 12:18,202606071515,FA,C,W,6,EXP,TXC217,2554.8603515625,2026-06-07 15:12,00000,0,ER,OO,False,,,,,,,202606071218-KFWD-WGUS44-FLWFWD,Darrah,2026
FWD,2026-06-07 12:14,2026-06-07 15:19,2026-06-07 12:14,202606071715,FA,C,W,4,CAN,TXC113,2354.464599609375,2026-06-07 15:19,00000,0,ER,OO,False,,,,,,,202606071214-KFWD-WGUS44-FLWFWD,Darrah,2026
FWD,2026-06-07 12:14,2026-06-07 15:19,2026-06-07 12:14,202606071715,FA,C,W,4,CAN,TXC257,2091.041015625,2026-06-07 15:19,00000,0,ER,OO,False,,,,,,,202606071214-KFWD-WGUS44-FLWFWD,Darrah,2026
FWD,2026-06-07 12:14,2026-06-07 15:19,2026-06-07 12:14,202606071715,FA,C,W,4,CAN,TXC439,2325.8603515625,2026-06-07 15:19,00000,0,ER,OO,False,,,,,,,202606071214-KFWD-WGUS44-FLWFWD,Darrah,2026
FWD,2026-06-06 12:00,2026-06-07 21:00,2026-06-06 05:22,202606072100,FA,C,A,3,EXP,TXZ118,2325.8603515625,2026-06-07 20:55,00000,0,ER,OO,False,,,,,,,202606060522-KFWD-WGUS64-FFAFWD,Stalley,2026
FWD,2026-06-06 12:00,2026-06-07 21:00,2026-06-06 05:22,202606072100,FA,C,A,3,EXP,TXZ119,2354.464599609375,2026-06-07 20:55,00000,0,ER,OO,False,,,,,,,202606060522-KFWD-WGUS64-FFAFWD,Stalley,2026
FWD,2026-06-06 12:00,2026-06-07 12:11,2026-06-06 05:22,202606072100,FA,C,A,3,CAN,TXZ129,2415.1904296875,2026-06-07 12:11,00000,0,ER,OO,False,,,,,,,202606060522-KFWD-WGUS64-FFAFWD,Stalley,2026
FWD,2026-06-06 12:00,2026-06-07 12:11,2026-06-06 05:22,202606072100,FA,C,A,3,CAN,TXZ130,2824.395263671875,2026-06-07 12:11,00000,0,ER,OO,False,,,,,,,202606060522-KFWD-WGUS64-FFAFWD,Stalley,2026
FWD,2026-06-07 12:18,2026-06-07 15:15,2026-06-07 12:18,202606071515,FA,C,W,6,EXP,TXC257,2091.041015625,2026-06-07 15:12,00000,0,ER,OO,False,,,,,,,202606071218-KFWD-WGUS44-FLWFWD,Darrah,2026
FWD,2026-06-07 08:14,2026-06-07 12:19,2026-06-07 08:14,202606071115,FF,C,W,48,CAN,TXC397,385.27215576171875,2026-06-07 12:19,00000,0,ER,OO,False,,,,,,,202606070814-KFWD-WGUS54-FFWFWD,Schroeder,2026
FWD,2026-06-06 14:35,2026-06-06 18:22,2026-06-06 14:35,202606061800,FA,C,W,3,CAN,TXC395,2244.22119140625,2026-06-06 18:22,00000,0,ER,OO,False,,,,,,,202606061435-KFWD-WGUS44-FLWFWD,Darrah,2026
FWD,2026-06-07 12:19,2026-06-07 15:16,2026-06-07 12:19,202606071645,FA,C,W,7,CAN,TXC113,2354.464599609375,2026-06-07 15:16,00000,0,ER,OO,False,,,,,,,202606071219-KFWD-WGUS44-FLWFWD,Darrah,2026
FWD,2026-06-06 14:35,2026-06-06 18:51,2026-06-06 14:35,202606061800,FA,C,W,3,CAN,TXC331,2648.720458984375,2026-06-06 18:51,00000,0,ER,OO,False,,,,,,,202606061435-KFWD-WGUS44-FLWFWD,Darrah,2026
FWD,2026-06-06 17:57,2026-06-07 05:49,2026-06-06 17:57,202606070600,FL,C,W,23,CAN,TXC027,2820.4619140625,2026-06-07 05:49,LRIT2,1,ER,NO,False,,,,,,,202606061757-KFWD-WGUS44-FLWFWD,Hernandez,2026
FWD,2026-06-07 13:07,2026-06-07 13:39,2026-06-07 13:07,202606071600,FA,C,Y,55,CAN,TXC497,2391.205078125,2026-06-07 13:39,00000,N,ER,OO,False,,,,,,,202606071307-KFWD-WGUS84-FLSFWD,Darrah,2026
FWD,2026-06-07 13:39,2026-06-07 16:30,2026-06-07 13:39,202606071630,FF,C,W,50,EXP,TXC097,2328.731689453125,2026-06-07 16:30,00000,0,ER,OO,False,,,,,,,202606071339-KFWD-WGUS54-FFWFWD,Darrah,2026
FWD,2026-06-07 13:39,2026-06-07 16:30,2026-06-07 13:39,202606071630,FF,C,W,50,EXP,TXC121,2481.98583984375,2026-06-07 16:30,00000,0,ER,OO,False,,,,,,,202606071339-KFWD-WGUS54-FFWFWD,Darrah,2026
FWD,2026-06-07 13:39,2026-06-07 16:30,2026-06-07 13:39,202606071630,FF,C,W,50,EXP,TXC181,2537.125732421875,2026-06-07 16:30,00000,0,ER,OO,False,,,,,,,202606071339-KFWD-WGUS54-FFWFWD,Darrah,2026
FWD,2026-06-07 13:39,2026-06-07 16:30,2026-06-07 13:39,202606071630,FF,C,W,50,EXP,TXC237,2384.289794921875,2026-06-07 16:30,00000,0,ER,OO,False,,,,,,,202606071339-KFWD-WGUS54-FFWFWD,Darrah,2026
FWD,2026-06-07 13:39,2026-06-07 16:30,2026-06-07 13:39,202606071630,FF,C,W,50,EXP,TXC337,2431.44677734375,2026-06-07 16:30,00000,0,ER,OO,False,,,,,,,202606071339-KFWD-WGUS54-FFWFWD,Darrah,2026
FWD,2026-06-07 13:07,2026-06-07 13:39,2026-06-07 13:07,202606071600,FA,C,Y,55,CAN,TXC097,2328.731689453125,2026-06-07 13:39,00000,N,ER,OO,False,,,,,,,202606071307-KFWD-WGUS84-FLSFWD,Darrah,2026
FWD,2026-06-07 13:07,2026-06-07 13:39,2026-06-07 13:07,202606071600,FA,C,Y,55,CAN,TXC121,2481.98583984375,2026-06-07 13:39,00000,N,ER,OO,False,,,,,,,202606071307-KFWD-WGUS84-FLSFWD,Darrah,2026
FWD,2026-06-07 13:07,2026-06-07 13:39,2026-06-07 13:07,202606071600,FA,C,Y,55,CAN,TXC237,2384.289794921875,2026-06-07 13:39,00000,N,ER,OO,False,,,,,,,202606071307-KFWD-WGUS84-FLSFWD,Darrah,2026
FWD,2026-06-06 18:51,2026-06-06 21:00,2026-06-06 18:51,202606062100,FA,C,Y,49,NEW,TXC027,2820.4619140625,2026-06-06 18:51,00000,N,ER,OO,False,,,,,,,202606061851-KFWD-WGUS84-FLSFWD-RRA,Darrah,2026
FWD,2026-06-06 18:51,2026-06-06 21:00,2026-06-06 18:51,202606062100,FA,C,Y,49,NEW,TXC145,2005.983642578125,2026-06-06 18:51,00000,N,ER,OO,False,,,,,,,202606061851-KFWD-WGUS84-FLSFWD-RRA,Darrah,2026
FWD,2026-06-06 18:51,2026-06-06 21:00,2026-06-06 18:51,202606062100,FA,C,Y,49,NEW,TXC293,2418.9755859375,2026-06-06 18:51,00000,N,ER,OO,False,,,,,,,202606061851-KFWD-WGUS84-FLSFWD-RRA,Darrah,2026
FWD,2026-06-06 18:51,2026-06-06 21:00,2026-06-06 18:51,202606062100,FA,C,Y,49,NEW,TXC331,2648.720458984375,2026-06-06 18:51,00000,N,ER,OO,False,,,,,,,202606061851-KFWD-WGUS84-FLSFWD-RRA,Darrah,2026
FWD,2026-06-06 18:51,2026-06-06 21:00,2026-06-06 18:51,202606062100,FA,C,Y,49,NEW,TXC395,2244.22119140625,2026-06-06 18:51,00000,N,ER,OO,False,,,,,,,202606061851-KFWD-WGUS84-FLSFWD-RRA,Darrah,2026
FWD,2026-06-07 13:07,2026-06-07 13:39,2026-06-07 13:07,202606071600,FA,C,Y,55,CAN,TXC337,2431.44677734375,2026-06-07 13:39,00000,N,ER,OO,False,,,,,,,202606071307-KFWD-WGUS84-FLSFWD,Darrah,2026
FWD,2026-06-06 19:29,2026-06-06 20:15,2026-06-06 19:29,202606062015,SV,C,W,214,EXP,TXC503,2411.92529296875,2026-06-06 20:11,,,,,False,,,,,,,202606061929-KFWD-WUUS54-SVRFWD,Shamburger,2026
FWD,2026-06-06 19:49,2026-06-06 20:30,2026-06-06 19:49,202606062030,SV,C,W,215,CON,TXC237,2384.289794921875,2026-06-06 20:12,,,,,False,,,,,,,202606061949-KFWD-WUUS54-SVRFWD,Shamburger,2026
FWD,2026-06-07 12:12,2026-06-07 15:08,2026-06-07 12:12,202606071515,FF,C,W,49,CAN,TXC085,2295.47705078125,2026-06-07 15:08,00000,0,ER,OO,False,,,,,,,202606071212-KFWD-WGUS54-FFWFWD,Darrah,2026
FWD,2026-06-07 12:12,2026-06-07 15:08,2026-06-07 12:12,202606071515,FF,C,W,49,CAN,TXC113,2354.464599609375,2026-06-07 15:08,00000,0,ER,OO,False,,,,,,,202606071212-KFWD-WGUS54-FFWFWD,Darrah,2026
FWD,2026-06-07 12:12,2026-06-07 15:08,2026-06-07 12:12,202606071515,FF,C,W,49,CAN,TXC121,2481.98583984375,2026-06-07 15:08,00000,0,ER,OO,False,,,,,,,202606071212-KFWD-WGUS54-FFWFWD,Darrah,2026
FWD,2026-06-07 12:12,2026-06-07 15:08,2026-06-07 12:12,202606071515,FF,C,W,49,CAN,TXC439,2325.8603515625,2026-06-07 15:08,00000,0,ER,OO,False,,,,,,,202606071212-KFWD-WGUS54-FFWFWD,Darrah,2026
FWD,2026-06-07 12:16,2026-06-07 15:15,2026-06-07 12:16,202606071515,FA,C,W,5,EXP,TXC367,2358.543212890625,2026-06-07 15:08,00000,0,ER,OO,False,,,,,,,202606071216-KFWD-WGUS44-FLWFWD,Darrah,2026
FWD,2026-06-07 12:18,2026-06-07 15:15,2026-06-07 12:18,202606071515,FA,C,W,6,EXP,TXC251,1903.355712890625,2026-06-07 15:12,00000,0,ER,OO,False,,,,,,,202606071218-KFWD-WGUS44-FLWFWD,Darrah,2026
FWD,2026-06-07 12:18,2026-06-07 15:15,2026-06-07 12:18,202606071515,FA,C,W,6,EXP,TXC439,2325.8603515625,2026-06-07 15:12,00000,0,ER,OO,False,,,,,,,202606071218-KFWD-WGUS44-FLWFWD,Darrah,2026
FWD,2026-06-07 12:19,2026-06-07 15:16,2026-06-07 12:19,202606071645,FA,C,W,7,CAN,TXC231,2285.79638671875,2026-06-07 15:16,00000,0,ER,OO,False,,,,,,,202606071219-KFWD-WGUS44-FLWFWD,Darrah,2026
FWD,2026-06-07 15:19,2026-06-07 17:00,2026-06-07 15:19,202606071700,FA,C,Y,59,EXP,TXC257,2091.041015625,2026-06-07 16:58,00000,N,ER,OO,False,,,,,,,202606071519-KFWD-WGUS84-FLSFWD-RRA,Darrah,2026
FWD,2026-06-07 15:19,2026-06-07 17:00,2026-06-07 15:19,202606071700,FA,C,Y,59,EXP,TXC439,2325.8603515625,2026-06-07 16:58,00000,N,ER,OO,False,,,,,,,202606071519-KFWD-WGUS84-FLSFWD-RRA,Darrah,2026
FWD,2026-06-07 12:19,2026-06-07 15:16,2026-06-07 12:19,202606071645,FA,C,W,7,CAN,TXC257,2091.041015625,2026-06-07 15:16,00000,0,ER,OO,False,,,,,,,202606071219-KFWD-WGUS44-FLWFWD,Darrah,2026
FWD,2026-06-07 12:19,2026-06-07 15:16,2026-06-07 12:19,202606071645,FA,C,W,7,CAN,TXC397,385.27215576171875,2026-06-07 15:16,00000,0,ER,OO,False,,,,,,,202606071219-KFWD-WGUS44-FLWFWD,Darrah,2026
FWD,2026-06-07 15:16,2026-06-07 17:00,2026-06-07 15:16,202606071700,FA,C,Y,58,EXP,TXC113,2354.464599609375,2026-06-07 16:57,00000,N,ER,OO,False,,,,,,,202606071516-KFWD-WGUS84-FLSFWD-RRA,Darrah,2026
FWD,2026-06-07 15:19,2026-06-07 17:00,2026-06-07 15:19,202606071700,FA,C,Y,59,EXP,TXC113,2354.464599609375,2026-06-07 16:58,00000,N,ER,OO,False,,,,,,,202606071519-KFWD-WGUS84-FLSFWD-RRA,Darrah,2026
FWD,2026-06-06 21:51,2026-06-07 01:00,2026-06-06 21:51,202606070100,FA,C,Y,50,NEW,TXC497,2391.205078125,2026-06-06 21:51,00000,N,ER,OO,False,,,,,,,202606062151-KFWD-WGUS84-FLSFWD,Shamburger,2026
FWD,2026-06-06 22:04,2026-06-06 22:45,2026-06-06 22:04,202606062245,SV,C,W,216,EXP,TXC121,2481.98583984375,2026-06-06 22:35,,,,,False,,,,,,,202606062204-KFWD-WUUS54-SVRFWD,Shamburger,2026
FWD,2026-06-07 13:39,2026-06-07 16:30,2026-06-07 13:39,202606071630,FF,C,W,50,EXP,TXC497,2391.205078125,2026-06-07 16:30,00000,0,ER,OO,False,,,,,,,202606071339-KFWD-WGUS54-FFWFWD,Darrah,2026
FWD,2026-06-07 16:55,2026-06-07 20:00,2026-06-07 16:55,202606072000,FA,C,Y,60,EXP,TXC097,2328.731689453125,2026-06-07 19:55,00000,N,ER,OO,False,,,,,,,202606071655-KFWD-WGUS84-FLSFWD,Darrah,2026
FWD,2026-06-07 16:55,2026-06-07 20:00,2026-06-07 16:55,202606072000,FA,C,Y,60,EXP,TXC121,2481.98583984375,2026-06-07 19:55,00000,N,ER,OO,False,,,,,,,202606071655-KFWD-WGUS84-FLSFWD,Darrah,2026
FWD,2026-06-07 16:55,2026-06-07 20:00,2026-06-07 16:55,202606072000,FA,C,Y,60,EXP,TXC497,2391.205078125,2026-06-07 19:55,00000,N,ER,OO,False,,,,,,,202606071655-KFWD-WGUS84-FLSFWD,Darrah,2026
FWD,2026-06-07 15:16,2026-06-07 17:00,2026-06-07 15:16,202606071700,FA,C,Y,58,EXP,TXC231,2285.79638671875,2026-06-07 16:57,00000,N,ER,OO,False,,,,,,,202606071516-KFWD-WGUS84-FLSFWD-RRA,Darrah,2026
FWD,2026-06-07 15:16,2026-06-07 17:00,2026-06-07 15:16,202606071700,FA,C,Y,58,EXP,TXC257,2091.041015625,2026-06-07 16:57,00000,N,ER,OO,False,,,,,,,202606071516-KFWD-WGUS84-FLSFWD-RRA,Darrah,2026
FWD,2026-06-07 15:16,2026-06-07 17:00,2026-06-07 15:16,202606071700,FA,C,Y,58,EXP,TXC397,385.27215576171875,2026-06-07 16:57,00000,N,ER,OO,False,,,,,,,202606071516-KFWD-WGUS84-FLSFWD-RRA,Darrah,2026
FWD,2026-06-07 15:12,2026-06-07 17:15,2026-06-07 15:12,202606071715,FA,C,Y,57,EXP,TXC113,2354.464599609375,2026-06-07 17:14,00000,N,ER,OO,False,,,,,,,202606071512-KFWD-WGUS84-FLSFWD-RRA,Darrah,2026
FWD,2026-06-07 15:12,2026-06-07 17:15,2026-06-07 15:12,202606071715,FA,C,Y,57,EXP,TXC139,2466.30029296875,2026-06-07 17:14,00000,N,ER,OO,False,,,,,,,202606071512-KFWD-WGUS84-FLSFWD-RRA,Darrah,2026
FWD,2026-06-07 15:12,2026-06-07 17:15,2026-06-07 15:12,202606071715,FA,C,Y,57,EXP,TXC217,2554.8603515625,2026-06-07 17:14,00000,N,ER,OO,False,,,,,,,202606071512-KFWD-WGUS84-FLSFWD-RRA,Darrah,2026
FWD,2026-06-07 15:12,2026-06-07 17:15,2026-06-07 15:12,202606071715,FA,C,Y,57,EXP,TXC251,1903.355712890625,2026-06-07 17:14,00000,N,ER,OO,False,,,,,,,202606071512-KFWD-WGUS84-FLSFWD-RRA,Darrah,2026
FWD,2026-06-07 15:12,2026-06-07 17:15,2026-06-07 15:12,202606071715,FA,C,Y,57,EXP,TXC257,2091.041015625,2026-06-07 17:14,00000,N,ER,OO,False,,,,,,,202606071512-KFWD-WGUS84-FLSFWD-RRA,Darrah,2026
FWD,2026-06-07 15:12,2026-06-07 17:15,2026-06-07 15:12,202606071715,FA,C,Y,57,EXP,TXC439,2325.8603515625,2026-06-07 17:14,00000,N,ER,OO,False,,,,,,,202606071512-KFWD-WGUS84-FLSFWD-RRA,Darrah,2026
FWD,2026-06-06 22:23,2026-06-06 23:30,2026-06-06 22:23,202606062330,SV,C,W,217,EXP,TXC093,2456.103271484375,2026-06-06 23:20,,,,,False,,,,,,,202606062223-KFWD-WUUS54-SVRFWD,Shamburger,2026
FWD,2026-06-06 22:23,2026-06-06 23:30,2026-06-06 22:23,202606062330,SV,C,W,217,EXP,TXC193,2168.113037109375,2026-06-06 23:20,,,,,False,,,,,,,202606062223-KFWD-WUUS54-SVRFWD,Shamburger,2026
FWD,2026-06-06 23:03,2026-06-06 23:59,2026-06-06 23:03,202606070200,FF,C,W,42,CAN,TXC121,2481.98583984375,2026-06-06 23:59,00000,0,ER,OO,False,,,,,,,202606062303-KFWD-WGUS54-FFWFWD,Shamburger,2026
FWD,2026-06-06 22:23,2026-06-06 23:30,2026-06-06 22:23,202606062330,SV,C,W,217,EXP,TXC333,1943.57666015625,2026-06-06 23:20,,,,,False,,,,,,,202606062223-KFWD-WUUS54-SVRFWD,Shamburger,2026
FWD,2026-06-06 23:59,2026-06-07 02:00,2026-06-06 23:59,202606070200,FA,C,Y,51,NEW,TXC121,2481.98583984375,2026-06-06 23:59,00000,N,ER,OO,False,,,,,,,202606062359-KFWD-WGUS84-FLSFWD,Shamburger,2026
FWD,2026-06-07 00:39,2026-06-07 01:15,2026-06-07 00:39,202606070115,SV,C,W,218,CON,TXC113,2354.464599609375,2026-06-07 01:08,,,,,False,,,,,,,202606070039-KFWD-WUUS54-SVRFWD,Shamburger,2026
FWD,2026-06-07 00:39,2026-06-07 01:15,2026-06-07 00:39,202606070115,SV,C,W,218,CON,TXC139,2466.30029296875,2026-06-07 01:08,,,,,False,,,,,,,202606070039-KFWD-WUUS54-SVRFWD,Shamburger,2026
FWD,2026-06-07 00:39,2026-06-07 01:15,2026-06-07 00:39,202606070115,SV,C,W,218,CON,TXC439,2325.8603515625,2026-06-07 01:08,,,,,False,,,,,,,202606070039-KFWD-WUUS54-SVRFWD,Shamburger,2026
FWD,2026-06-07 00:39,2026-06-07 01:08,2026-06-07 00:39,202606070115,SV,C,W,218,CAN,TXC251,1903.355712890625,2026-06-07 01:08,,,,,False,,,,,,,202606070039-KFWD-WUUS54-SVRFWD,Shamburger,2026
FWD,2026-06-15 23:23,2026-06-16 01:15,2026-06-15 23:23,202606160115,FA,C,Y,78,NEW,TXC139,2466.30029296875,2026-06-15 23:23,00000,N,ER,OO,False,,,,,,,202606152323-KFWD-WGUS84-FLSFWD,Prater,2026
FWD,2026-06-07 00:47,2026-06-07 21:00,2026-06-07 00:47,202606072100,FA,C,A,3,EXP,TXZ144,2598.81591796875,2026-06-07 20:55,00000,0,ER,OO,False,,,,,,,202606070047-KFWD-WGUS64-FFAFWD,Stalley,2026
FWD,2026-06-07 00:47,2026-06-07 21:00,2026-06-07 00:47,202606072100,FA,C,A,3,EXP,TXZ145,2554.8603515625,2026-06-07 20:55,00000,0,ER,OO,False,,,,,,,202606070047-KFWD-WGUS64-FFAFWD,Stalley,2026
FWD,2026-06-07 00:47,2026-06-07 12:11,2026-06-07 00:47,202606072100,FA,C,A,3,CAN,TXZ142,1943.57666015625,2026-06-07 12:11,00000,0,ER,OO,False,,,,,,,202606070047-KFWD-WGUS64-FFAFWD,Stalley,2026
FWD,2026-06-07 00:47,2026-06-07 12:11,2026-06-07 00:47,202606072100,FA,C,A,3,CAN,TXZ143,2168.113037109375,2026-06-07 12:11,00000,0,ER,OO,False,,,,,,,202606070047-KFWD-WGUS64-FFAFWD,Stalley,2026
FWD,2026-06-06 12:00,2026-06-07 12:11,2026-06-06 05:22,202606072100,FA,C,A,3,CAN,TXZ115,2388.110107421875,2026-06-07 12:11,00000,0,ER,OO,False,,,,,,,202606060522-KFWD-WGUS64-FFAFWD,Stalley,2026
FWD,2026-06-06 12:00,2026-06-07 12:11,2026-06-06 05:22,202606072100,FA,C,A,3,CAN,TXZ116,2553.9892578125,2026-06-07 12:11,00000,0,ER,OO,False,,,,,,,202606060522-KFWD-WGUS64-FFAFWD,Stalley,2026
FWD,2026-06-06 12:00,2026-06-07 12:11,2026-06-06 05:22,202606072100,FA,C,A,3,CAN,TXZ141,2456.103271484375,2026-06-07 12:11,00000,0,ER,OO,False,,,,,,,202606060522-KFWD-WGUS64-FFAFWD,Stalley,2026
FWD,2026-06-07 01:10,2026-06-07 02:00,2026-06-07 01:10,202606070200,SV,C,W,219,CON,TXC113,2354.464599609375,2026-06-07 01:45,,,,,False,,,,,,,202606070110-KFWD-WUUS54-SVRFWD,Shamburger,2026
FWD,2026-06-07 01:10,2026-06-07 01:45,2026-06-07 01:10,202606070200,SV,C,W,219,CAN,TXC139,2466.30029296875,2026-06-07 01:45,,,,,False,,,,,,,202606070110-KFWD-WUUS54-SVRFWD,Shamburger,2026
FWD,2026-06-18 17:00,2026-06-19 02:00,2026-06-17 05:57,202606190200,HT,C,Y,2,CON,TXZ116,2553.9892578125,2026-06-18 17:59,,,,,False,,,,,,,202606170557-KFWD-WWUS74-NPWFWD,Stalley,2026
FWD,2026-06-07 15:08,2026-06-07 19:00,2026-06-07 15:08,202606071700,FA,C,Y,56,EXP,TXC085,2295.47705078125,2026-06-07 18:58,00000,N,ER,OO,False,,,,,,,202606071508-KFWD-WGUS84-FLSFWD,Darrah,2026
FWD,2026-06-07 15:08,2026-06-07 19:00,2026-06-07 15:08,202606071700,FA,C,Y,56,EXP,TXC113,2354.464599609375,2026-06-07 18:58,00000,N,ER,OO,False,,,,,,,202606071508-KFWD-WGUS84-FLSFWD,Darrah,2026
FWD,2026-06-07 15:08,2026-06-07 19:00,2026-06-07 15:08,202606071700,FA,C,Y,56,EXP,TXC121,2481.98583984375,2026-06-07 18:58,00000,N,ER,OO,False,,,,,,,202606071508-KFWD-WGUS84-FLSFWD,Darrah,2026
FWD,2026-06-07 15:08,2026-06-07 19:00,2026-06-07 15:08,202606071700,FA,C,Y,56,EXP,TXC439,2325.8603515625,2026-06-07 18:58,00000,N,ER,OO,False,,,,,,,202606071508-KFWD-WGUS84-FLSFWD,Darrah,2026
FWD,2026-06-08 05:11,2026-06-08 18:38,2026-06-07 19:06,202606090500,FL,C,W,28,CAN,TXC139,2466.30029296875,2026-06-08 18:38,RSRT2,1,ER,NO,False,,,,,,,202606071906-KFWD-WGUS44-FLWFWD,Hernandez,2026
FWD,2026-06-08 05:11,2026-06-08 18:38,2026-06-07 19:06,202606090500,FL,C,W,28,CAN,TXC257,2091.041015625,2026-06-08 18:38,RSRT2,1,ER,NO,False,,,,,,,202606071906-KFWD-WGUS44-FLWFWD,Hernandez,2026
FWD,2026-06-07 19:06,2026-06-08 18:38,2026-06-07 19:06,202606090300,FL,C,W,27,CAN,TXC113,2354.464599609375,2026-06-08 18:38,DALT2,1,ER,NO,False,,,,,,,202606071906-KFWD-WGUS44-FLWFWD,Hernandez,2026
FWD,2026-06-14 23:46,2026-06-16 00:00,2026-06-14 17:43,202606160000,FA,C,A,4,EXP,TXZ162,2800.714111328125,2026-06-15 23:47,00000,0,ER,OO,False,,,,,,,202606141743-KFWD-WGUS64-FFAFWD,Bradshaw,2026
FWD,2026-06-06 12:00,2026-06-07 21:00,2026-06-06 05:22,202606072100,FA,C,A,3,EXP,TXZ102,2391.205078125,2026-06-07 20:55,00000,0,ER,OO,False,,,,,,,202606060522-KFWD-WGUS64-FFAFWD,Stalley,2026
FWD,2026-06-06 12:00,2026-06-07 21:00,2026-06-06 05:22,202606072100,FA,C,A,3,EXP,TXZ103,2481.98583984375,2026-06-07 20:55,00000,0,ER,OO,False,,,,,,,202606060522-KFWD-WGUS64-FFAFWD,Stalley,2026
FWD,2026-06-06 12:00,2026-06-07 21:00,2026-06-06 05:22,202606072100,FA,C,A,3,EXP,TXZ104,2295.47705078125,2026-06-07 20:55,00000,0,ER,OO,False,,,,,,,202606060522-KFWD-WGUS64-FFAFWD,Stalley,2026
FWD,2026-06-06 12:00,2026-06-07 21:00,2026-06-06 05:22,202606072100,FA,C,A,3,EXP,TXZ131,1131.8604736328125,2026-06-07 20:55,00000,0,ER,OO,False,,,,,,,202606060522-KFWD-WGUS64-FFAFWD,Stalley,2026
FWD,2026-06-06 12:00,2026-06-07 21:00,2026-06-06 05:22,202606072100,FA,C,A,3,EXP,TXZ132,497.27447509765625,2026-06-07 20:55,00000,0,ER,OO,False,,,,,,,202606060522-KFWD-WGUS64-FFAFWD,Stalley,2026
FWD,2026-06-06 12:00,2026-06-07 21:00,2026-06-06 05:22,202606072100,FA,C,A,3,EXP,TXZ133,1903.355712890625,2026-06-07 20:55,00000,0,ER,OO,False,,,,,,,202606060522-KFWD-WGUS64-FFAFWD,Stalley,2026
FWD,2026-06-14 23:46,2026-06-16 00:00,2026-06-14 17:43,202606160000,FA,C,A,4,EXP,TXZ174,2648.720458984375,2026-06-15 23:47,00000,0,ER,OO,False,,,,,,,202606141743-KFWD-WGUS64-FFAFWD,Bradshaw,2026
FWD,2026-06-09 04:14,2026-06-11 13:23,2026-06-08 18:58,202606111100,FL,C,W,29,CAN,TXC213,2459.52685546875,2026-06-11 13:23,TDDT2,1,ER,NO,False,,,,,,,202606081858-KFWD-WGUS44-FLWFWD,DF,2026
FWD,2026-06-12 21:59,2026-06-13 00:00,2026-06-12 21:59,202606130000,FA,C,Y,66,NEW,TXC293,2418.9755859375,2026-06-12 21:59,00000,N,ER,OO,False,,,,,,,202606122159-KFWD-WGUS84-FLSFWD,30,2026
FWD,2026-06-23 22:15,2026-06-23 23:37,2026-06-23 22:13,202606240300,SV,C,A,384,CAN,TXC181,2537.125732421875,2026-06-23 23:37,,,,,False,,,,,,,202606232213-KFWD-WWUS64-WCNFWD,,2026
FWD,2026-06-09 04:14,2026-06-11 13:23,2026-06-08 18:58,202606111100,FL,C,W,29,CAN,TXC349,2815.175537109375,2026-06-11 13:23,TDDT2,1,ER,NO,False,,,,,,,202606081858-KFWD-WGUS44-FLWFWD,DF,2026
FWD,2026-06-16 08:52,2026-06-16 14:00,2026-06-16 08:52,202606161400,FG,C,Y,3,EXP,TXZ130,2824.395263671875,2026-06-16 13:51,,,,,False,,,,,,,202606160852-KFWD-WWUS74-NPWFWD,Stalley,2026
FWD,2026-06-16 08:52,2026-06-16 14:00,2026-06-16 08:52,202606161400,FG,C,Y,3,EXP,TXZ131,1131.8604736328125,2026-06-16 13:51,,,,,False,,,,,,,202606160852-KFWD-WWUS74-NPWFWD,Stalley,2026
FWD,2026-06-16 08:52,2026-06-16 14:00,2026-06-16 08:52,202606161400,FG,C,Y,3,EXP,TXZ132,497.27447509765625,2026-06-16 13:51,,,,,False,,,,,,,202606160852-KFWD-WWUS74-NPWFWD,Stalley,2026
FWD,2026-06-12 14:43,2026-06-12 17:45,2026-06-12 14:43,202606121745,FA,C,Y,61,NEW,TXC147,2329.727294921875,2026-06-12 14:43,00000,N,ER,OO,False,,,,,,,202606121443-KFWD-WGUS84-FLSFWD,,2026
FWD,2026-06-12 14:43,2026-06-12 17:45,2026-06-12 14:43,202606121745,FA,C,Y,61,NEW,TXC277,2415.989013671875,2026-06-12 14:43,00000,N,ER,OO,False,,,,,,,202606121443-KFWD-WGUS84-FLSFWD,,2026
FWD,2026-06-12 14:57,2026-06-12 17:00,2026-06-12 14:57,202606121700,FF,C,W,51,EXP,TXC147,2329.727294921875,2026-06-12 16:58,00000,0,ER,OO,False,,,,,,,202606121457-KFWD-WGUS54-FFWFWD,,2026
FWD,2026-06-12 16:38,2026-06-12 18:30,2026-06-12 16:38,202606121830,FA,C,Y,62,EXP,TXC097,2328.731689453125,2026-06-12 18:24,00000,N,ER,OO,False,,,,,,,202606121638-KFWD-WGUS84-FLSFWD,Prater,2026
FWD,2026-06-12 16:38,2026-06-12 18:30,2026-06-12 16:38,202606121830,FA,C,Y,62,EXP,TXC181,2537.125732421875,2026-06-12 18:24,00000,N,ER,OO,False,,,,,,,202606121638-KFWD-WGUS84-FLSFWD,Prater,2026
FWD,2026-06-13 17:00,2026-06-12 22:42,2026-06-12 18:25,202606140200,HT,C,Y,1,CAN,TXZ102,2391.205078125,2026-06-12 22:42,,,,,False,,,,,,,202606121825-KFWD-WWUS74-NPWFWD,,2026
FWD,2026-06-13 17:00,2026-06-12 22:42,2026-06-12 18:25,202606140200,HT,C,Y,1,CAN,TXZ103,2481.98583984375,2026-06-12 22:42,,,,,False,,,,,,,202606121825-KFWD-WWUS74-NPWFWD,,2026
FWD,2026-06-13 17:00,2026-06-12 22:42,2026-06-12 18:25,202606140200,HT,C,Y,1,CAN,TXZ104,2295.47705078125,2026-06-12 22:42,,,,,False,,,,,,,202606121825-KFWD-WWUS74-NPWFWD,,2026
FWD,2026-06-12 18:37,2026-06-12 20:30,2026-06-12 18:37,202606122030,FA,C,Y,64,NEW,TXC097,2328.731689453125,2026-06-12 18:37,00000,N,ER,OO,False,,,,,,,202606121837-KFWD-WGUS84-FLSFWD,Prater,2026
FWD,2026-06-12 18:37,2026-06-12 20:30,2026-06-12 18:37,202606122030,FA,C,Y,64,NEW,TXC121,2481.98583984375,2026-06-12 18:37,00000,N,ER,OO,False,,,,,,,202606121837-KFWD-WGUS84-FLSFWD,Prater,2026
FWD,2026-06-12 18:37,2026-06-12 20:30,2026-06-12 18:37,202606122030,FA,C,Y,64,NEW,TXC497,2391.205078125,2026-06-12 18:37,00000,N,ER,OO,False,,,,,,,202606121837-KFWD-WGUS84-FLSFWD,Prater,2026
FWD,2026-06-12 17:25,2026-06-12 19:10,2026-06-12 17:25,202606122030,FF,C,W,52,CAN,TXC147,2329.727294921875,2026-06-12 19:10,00000,0,ER,OO,False,,,,,,,202606121725-KFWD-WGUS54-FFWFWD,Prater,2026
FWD,2026-06-12 17:25,2026-06-12 19:10,2026-06-12 17:25,202606122030,FF,C,W,52,CAN,TXC181,2537.125732421875,2026-06-12 19:10,00000,0,ER,OO,False,,,,,,,202606121725-KFWD-WGUS54-FFWFWD,Prater,2026
FWD,2026-06-12 17:12,2026-06-12 20:15,2026-06-12 17:12,202606121915,FA,C,Y,63,EXT,TXC147,2329.727294921875,2026-06-12 19:12,00000,N,ER,OO,False,,,,,,,202606121712-KFWD-WGUS84-FLSFWD,Prater,2026
FWD,2026-06-12 17:12,2026-06-12 20:15,2026-06-12 17:12,202606121915,FA,C,Y,63,EXT,TXC181,2537.125732421875,2026-06-12 19:12,00000,N,ER,OO,False,,,,,,,202606121712-KFWD-WGUS84-FLSFWD,Prater,2026
FWD,2026-06-12 21:12,2026-06-12 23:15,2026-06-12 21:12,202606122315,FA,C,Y,65,NEW,TXC035,2598.81591796875,2026-06-12 21:12,00000,N,ER,OO,False,,,,,,,202606122112-KFWD-WGUS84-FLSFWD,30,2026
FWD,2026-06-12 21:12,2026-06-12 23:15,2026-06-12 21:12,202606122315,FA,C,Y,65,NEW,TXC425,497.27447509765625,2026-06-12 21:12,00000,N,ER,OO,False,,,,,,,202606122112-KFWD-WGUS84-FLSFWD,30,2026
FWD,2026-06-13 17:00,2026-06-12 22:42,2026-06-12 18:25,202606140200,HT,C,Y,1,CAN,TXZ105,2285.79638671875,2026-06-12 22:42,,,,,False,,,,,,,202606121825-KFWD-WWUS74-NPWFWD,,2026
FWD,2026-06-13 17:00,2026-06-12 22:42,2026-06-12 18:25,202606140200,HT,C,Y,1,CAN,TXZ117,2358.543212890625,2026-06-12 22:42,,,,,False,,,,,,,202606121825-KFWD-WWUS74-NPWFWD,,2026
FWD,2026-06-13 17:00,2026-06-12 22:42,2026-06-12 18:25,202606140200,HT,C,Y,1,CAN,TXZ118,2325.8603515625,2026-06-12 22:42,,,,,False,,,,,,,202606121825-KFWD-WWUS74-NPWFWD,,2026
FWD,2026-06-13 17:00,2026-06-12 22:42,2026-06-12 18:25,202606140200,HT,C,Y,1,CAN,TXZ119,2354.464599609375,2026-06-12 22:42,,,,,False,,,,,,,202606121825-KFWD-WWUS74-NPWFWD,,2026
FWD,2026-06-13 17:00,2026-06-12 22:42,2026-06-12 18:25,202606140200,HT,C,Y,1,CAN,TXZ120,385.27215576171875,2026-06-12 22:42,,,,,False,,,,,,,202606121825-KFWD-WWUS74-NPWFWD,,2026
FWD,2026-06-13 17:00,2026-06-12 22:42,2026-06-12 18:25,202606140200,HT,C,Y,1,CAN,TXZ121,2091.041015625,2026-06-12 22:42,,,,,False,,,,,,,202606121825-KFWD-WWUS74-NPWFWD,,2026
FWD,2026-06-13 17:00,2026-06-12 22:42,2026-06-12 18:25,202606140200,HT,C,Y,1,CAN,TXZ131,1131.8604736328125,2026-06-12 22:42,,,,,False,,,,,,,202606121825-KFWD-WWUS74-NPWFWD,,2026
FWD,2026-06-13 17:00,2026-06-12 22:42,2026-06-12 18:25,202606140200,HT,C,Y,1,CAN,TXZ132,497.27447509765625,2026-06-12 22:42,,,,,False,,,,,,,202606121825-KFWD-WWUS74-NPWFWD,,2026
FWD,2026-06-13 17:00,2026-06-12 22:42,2026-06-12 18:25,202606140200,HT,C,Y,1,CAN,TXZ133,1903.355712890625,2026-06-12 22:42,,,,,False,,,,,,,202606121825-KFWD-WWUS74-NPWFWD,,2026
FWD,2026-06-13 17:00,2026-06-12 22:42,2026-06-12 18:25,202606140200,HT,C,Y,1,CAN,TXZ134,2466.30029296875,2026-06-12 22:42,,,,,False,,,,,,,202606121825-KFWD-WWUS74-NPWFWD,,2026
FWD,2026-06-13 17:00,2026-06-12 22:42,2026-06-12 18:25,202606140200,HT,C,Y,1,CAN,TXZ146,2815.175537109375,2026-06-12 22:42,,,,,False,,,,,,,202606121825-KFWD-WWUS74-NPWFWD,,2026
FWD,2026-06-16 12:57,2026-06-16 14:00,2026-06-16 12:57,202606161400,FG,C,Y,3,EXP,TXZ141,2456.103271484375,2026-06-16 13:51,,,,,False,,,,,,,202606161257-KFWD-WWUS74-NPWFWD,Garcia,2026
FWD,2026-06-16 12:57,2026-06-16 14:00,2026-06-16 12:57,202606161400,FG,C,Y,3,EXP,TXZ142,1943.57666015625,2026-06-16 13:51,,,,,False,,,,,,,202606161257-KFWD-WWUS74-NPWFWD,Garcia,2026
FWD,2026-06-16 12:57,2026-06-16 14:00,2026-06-16 12:57,202606161400,FG,C,Y,3,EXP,TXZ156,1850.7310791015625,2026-06-16 13:51,,,,,False,,,,,,,202606161257-KFWD-WWUS74-NPWFWD,Garcia,2026
FWD,2026-06-16 08:52,2026-06-16 14:00,2026-06-16 08:52,202606161400,FG,C,Y,3,EXP,TXZ143,2168.113037109375,2026-06-16 13:51,,,,,False,,,,,,,202606160852-KFWD-WWUS74-NPWFWD,Stalley,2026
FWD,2026-06-16 08:52,2026-06-16 14:00,2026-06-16 08:52,202606161400,FG,C,Y,3,EXP,TXZ144,2598.81591796875,2026-06-16 13:51,,,,,False,,,,,,,202606160852-KFWD-WWUS74-NPWFWD,Stalley,2026
FWD,2026-06-16 08:52,2026-06-16 14:00,2026-06-16 08:52,202606161400,FG,C,Y,3,EXP,TXZ145,2554.8603515625,2026-06-16 13:51,,,,,False,,,,,,,202606160852-KFWD-WWUS74-NPWFWD,Stalley,2026
FWD,2026-06-16 08:52,2026-06-16 14:00,2026-06-16 08:52,202606161400,FG,C,Y,3,EXP,TXZ157,2739.294677734375,2026-06-16 13:51,,,,,False,,,,,,,202606160852-KFWD-WWUS74-NPWFWD,Stalley,2026
FWD,2026-06-16 08:52,2026-06-16 14:00,2026-06-16 08:52,202606161400,FG,C,Y,3,EXP,TXZ158,2820.4619140625,2026-06-16 13:51,,,,,False,,,,,,,202606160852-KFWD-WWUS74-NPWFWD,Stalley,2026
FWD,2026-06-16 08:52,2026-06-16 14:00,2026-06-16 08:52,202606161400,FG,C,Y,3,EXP,TXZ159,2748.083740234375,2026-06-16 13:51,,,,,False,,,,,,,202606160852-KFWD-WWUS74-NPWFWD,Stalley,2026
FWD,2026-06-16 08:52,2026-06-16 14:00,2026-06-16 08:52,202606161400,FG,C,Y,3,EXP,TXZ160,2005.983642578125,2026-06-16 13:51,,,,,False,,,,,,,202606160852-KFWD-WWUS74-NPWFWD,Stalley,2026
FWD,2026-06-16 08:52,2026-06-16 14:00,2026-06-16 08:52,202606161400,FG,C,Y,3,EXP,TXZ161,2418.9755859375,2026-06-16 13:51,,,,,False,,,,,,,202606160852-KFWD-WWUS74-NPWFWD,Stalley,2026
FWD,2026-06-14 12:19,2026-06-14 15:00,2026-06-14 12:19,202606141415,FA,C,Y,67,EXP,TXC147,2329.727294921875,2026-06-14 15:01,00000,N,ER,OO,False,,,,,,,202606141219-KFWD-WGUS84-FLSFWD,Prater,2026
FWD,2026-06-14 12:19,2026-06-14 15:00,2026-06-14 12:19,202606141415,FA,C,Y,67,EXP,TXC181,2537.125732421875,2026-06-14 15:01,00000,N,ER,OO,False,,,,,,,202606141219-KFWD-WGUS84-FLSFWD,Prater,2026
FWD,2026-06-14 23:46,2026-06-16 00:00,2026-06-14 17:43,202606160000,FA,C,A,4,EXP,TXZ156,1850.7310791015625,2026-06-15 23:47,00000,0,ER,OO,False,,,,,,,202606141743-KFWD-WGUS64-FFAFWD,Bradshaw,2026
FWD,2026-06-14 23:46,2026-06-16 00:00,2026-06-14 17:43,202606160000,FA,C,A,4,EXP,TXZ157,2739.294677734375,2026-06-15 23:47,00000,0,ER,OO,False,,,,,,,202606141743-KFWD-WGUS64-FFAFWD,Bradshaw,2026
FWD,2026-06-14 23:46,2026-06-16 00:00,2026-06-14 17:43,202606160000,FA,C,A,4,EXP,TXZ158,2820.4619140625,2026-06-15 23:47,00000,0,ER,OO,False,,,,,,,202606141743-KFWD-WGUS64-FFAFWD,Bradshaw,2026
FWD,2026-06-22 10:15,2026-06-22 12:00,2026-06-22 10:15,202606221200,FA,C,Y,90,NEW,TXC097,2328.731689453125,2026-06-22 10:15,00000,N,ER,OO,False,,,,,,,202606221015-KFWD-WGUS84-FLSFWD,Shamburger,2026
FWD,2026-06-22 10:15,2026-06-22 12:00,2026-06-22 10:15,202606221200,FA,C,Y,90,NEW,TXC181,2537.125732421875,2026-06-22 10:15,00000,N,ER,OO,False,,,,,,,202606221015-KFWD-WGUS84-FLSFWD,Shamburger,2026
FWD,2026-06-22 10:15,2026-06-22 12:00,2026-06-22 10:15,202606221200,FA,C,Y,90,NEW,TXC337,2431.44677734375,2026-06-22 10:15,00000,N,ER,OO,False,,,,,,,202606221015-KFWD-WGUS84-FLSFWD,Shamburger,2026
FWD,2026-06-14 22:17,2026-06-15 12:19,2026-06-14 20:50,202606151300,FL,C,W,30,CAN,TXC085,2295.47705078125,2026-06-15 12:19,BVWT2,1,ER,NO,False,,,,,,,202606142050-KFWD-WGUS44-FLWFWD,Prater,2026
FWD,2026-06-14 23:10,2026-06-15 02:15,2026-06-14 23:10,202606150215,FA,C,Y,68,NEW,TXC035,2598.81591796875,2026-06-14 23:10,00000,N,ER,OO,False,,,,,,,202606142310-KFWD-WGUS84-FLSFWD,12,2026
FWD,2026-06-14 23:10,2026-06-15 02:15,2026-06-14 23:10,202606150215,FA,C,Y,68,NEW,TXC093,2456.103271484375,2026-06-14 23:10,00000,N,ER,OO,False,,,,,,,202606142310-KFWD-WGUS84-FLSFWD,12,2026
FWD,2026-06-14 23:10,2026-06-15 02:15,2026-06-14 23:10,202606150215,FA,C,Y,68,NEW,TXC143,2824.395263671875,2026-06-14 23:10,00000,N,ER,OO,False,,,,,,,202606142310-KFWD-WGUS84-FLSFWD,12,2026
FWD,2026-06-14 23:10,2026-06-15 02:15,2026-06-14 23:10,202606150215,FA,C,Y,68,NEW,TXC193,2168.113037109375,2026-06-14 23:10,00000,N,ER,OO,False,,,,,,,202606142310-KFWD-WGUS84-FLSFWD,12,2026
FWD,2026-06-14 23:46,2026-06-16 00:00,2026-06-14 23:46,202606160000,FA,C,A,4,EXP,TXZ142,1943.57666015625,2026-06-15 23:47,00000,0,ER,OO,False,,,,,,,202606142346-KFWD-WGUS64-FFAFWD,Dunn,2026
FWD,2026-06-14 23:46,2026-06-16 00:00,2026-06-14 23:46,202606160000,FA,C,A,4,EXP,TXZ143,2168.113037109375,2026-06-15 23:47,00000,0,ER,OO,False,,,,,,,202606142346-KFWD-WGUS64-FFAFWD,Dunn,2026
FWD,2026-06-14 23:46,2026-06-16 00:00,2026-06-14 23:46,202606160000,FA,C,A,4,EXP,TXZ144,2598.81591796875,2026-06-15 23:47,00000,0,ER,OO,False,,,,,,,202606142346-KFWD-WGUS64-FFAFWD,Dunn,2026
FWD,2026-06-14 23:46,2026-06-16 00:00,2026-06-14 23:46,202606160000,FA,C,A,4,EXP,TXZ147,2312.48291015625,2026-06-15 23:47,00000,0,ER,OO,False,,,,,,,202606142346-KFWD-WGUS64-FFAFWD,Dunn,2026
FWD,2026-06-14 23:46,2026-06-16 00:00,2026-06-14 17:43,202606160000,FA,C,A,4,EXP,TXZ175,2244.22119140625,2026-06-15 23:47,00000,0,ER,OO,False,,,,,,,202606141743-KFWD-WGUS64-FFAFWD,Bradshaw,2026
FWD,2026-06-15 00:22,2026-06-16 00:00,2026-06-15 00:22,202606160000,FA,C,A,4,EXP,TXZ135,2459.52685546875,2026-06-15 23:47,00000,0,ER,OO,False,,,,,,,202606150022-KFWD-WGUS64-FFAFWD,Dunn,2026
FWD,2026-06-15 00:22,2026-06-16 00:00,2026-06-15 00:22,202606160000,FA,C,A,4,EXP,TXZ145,2554.8603515625,2026-06-15 23:47,00000,0,ER,OO,False,,,,,,,202606150022-KFWD-WGUS64-FFAFWD,Dunn,2026
FWD,2026-06-15 00:15,2026-06-15 05:30,2026-06-15 00:15,202606150230,FA,C,Y,69,EXP,TXC001,2793.626953125,2026-06-15 05:34,00000,N,ER,OO,False,,,,,,,202606150015-KFWD-WGUS84-FLSFWD,Bonnette,2026
FWD,2026-06-15 00:15,2026-06-15 05:30,2026-06-15 00:15,202606150230,FA,C,Y,69,EXP,TXC161,2312.48291015625,2026-06-15 05:34,00000,N,ER,OO,False,,,,,,,202606150015-KFWD-WGUS84-FLSFWD,Bonnette,2026
FWD,2026-06-15 00:15,2026-06-15 05:30,2026-06-15 00:15,202606150230,FA,C,Y,69,EXP,TXC213,2459.52685546875,2026-06-15 05:34,00000,N,ER,OO,False,,,,,,,202606150015-KFWD-WGUS84-FLSFWD,Bonnette,2026
FWD,2026-06-15 00:22,2026-06-16 00:00,2026-06-15 00:22,202606160000,FA,C,A,4,EXP,TXZ146,2815.175537109375,2026-06-15 23:47,00000,0,ER,OO,False,,,,,,,202606150022-KFWD-WGUS64-FFAFWD,Dunn,2026
FWD,2026-06-14 23:46,2026-06-16 00:00,2026-06-14 23:46,202606160000,FA,C,A,4,EXP,TXZ159,2748.083740234375,2026-06-15 23:47,00000,0,ER,OO,False,,,,,,,202606142346-KFWD-WGUS64-FFAFWD,Dunn,2026
FWD,2026-06-15 00:27,2026-06-15 03:00,2026-06-15 00:27,202606150300,FF,C,W,53,CON,TXC001,2793.626953125,2026-06-15 02:14,00000,0,ER,OO,False,,,,,,,202606150027-KFWD-WGUS54-FFWFWD,Bonnette,2026
FWD,2026-06-15 00:27,2026-06-15 03:00,2026-06-15 00:27,202606150300,FF,C,W,53,CON,TXC213,2459.52685546875,2026-06-15 02:14,00000,0,ER,OO,False,,,,,,,202606150027-KFWD-WGUS54-FFWFWD,Bonnette,2026
FWD,2026-06-15 00:33,2026-06-15 03:00,2026-06-15 00:33,202606150300,FA,C,Y,70,NEW,TXC035,2598.81591796875,2026-06-15 00:33,00000,N,ER,OO,False,,,,,,,202606150033-KFWD-WGUS84-FLSFWD,Bonnette,2026
FWD,2026-06-15 00:33,2026-06-15 03:00,2026-06-15 00:33,202606150300,FA,C,Y,70,NEW,TXC145,2005.983642578125,2026-06-15 00:33,00000,N,ER,OO,False,,,,,,,202606150033-KFWD-WGUS84-FLSFWD,Bonnette,2026
FWD,2026-06-15 00:33,2026-06-15 03:00,2026-06-15 00:33,202606150300,FA,C,Y,70,NEW,TXC217,2554.8603515625,2026-06-15 00:33,00000,N,ER,OO,False,,,,,,,202606150033-KFWD-WGUS84-FLSFWD,Bonnette,2026
FWD,2026-06-15 00:33,2026-06-15 03:00,2026-06-15 00:33,202606150300,FA,C,Y,70,NEW,TXC293,2418.9755859375,2026-06-15 00:33,00000,N,ER,OO,False,,,,,,,202606150033-KFWD-WGUS84-FLSFWD,Bonnette,2026
FWD,2026-06-15 00:33,2026-06-15 03:00,2026-06-15 00:33,202606150300,FA,C,Y,70,NEW,TXC309,2748.083740234375,2026-06-15 00:33,00000,N,ER,OO,False,,,,,,,202606150033-KFWD-WGUS84-FLSFWD,Bonnette,2026
FWD,2026-06-15 00:54,2026-06-15 05:30,2026-06-15 00:54,202606150330,FF,C,W,54,EXP,TXC309,2748.083740234375,2026-06-15 05:34,00000,0,ER,OO,False,,,,,,,202606150054-KFWD-WGUS54-FFWFWD,Bonnette,2026
FWD,2026-06-15 01:07,2026-06-15 03:00,2026-06-15 01:07,202606150300,FA,C,Y,71,NEW,TXC099,2739.294677734375,2026-06-15 01:07,00000,N,ER,OO,False,,,,,,,202606150107-KFWD-WGUS84-FLSFWD,Bonnette,2026
FWD,2026-06-15 01:07,2026-06-15 03:00,2026-06-15 01:07,202606150300,FA,C,Y,71,NEW,TXC281,1850.7310791015625,2026-06-15 01:07,00000,N,ER,OO,False,,,,,,,202606150107-KFWD-WGUS84-FLSFWD,Bonnette,2026
FWD,2026-06-15 01:42,2026-06-15 05:30,2026-06-15 01:42,202606150300,FF,C,W,55,EXP,TXC027,2820.4619140625,2026-06-15 05:33,00000,0,ER,OO,False,,,,,,,202606150142-KFWD-WGUS54-FFWFWD,Bonnette,2026
FWD,2026-06-22 11:15,2026-06-22 13:00,2026-06-22 11:15,202606221300,FA,C,Y,91,NEW,TXC147,2329.727294921875,2026-06-22 11:15,00000,N,ER,OO,False,,,,,,,202606221115-KFWD-WGUS84-FLSFWD,Shamburger,2026
FWD,2026-06-15 00:15,2026-06-15 05:30,2026-06-15 00:15,202606150230,FA,C,Y,69,EXP,TXC349,2815.175537109375,2026-06-15 05:34,00000,N,ER,OO,False,,,,,,,202606150015-KFWD-WGUS84-FLSFWD,Bonnette,2026
FWD,2026-06-15 02:36,2026-06-15 06:00,2026-06-15 02:36,202606150600,FA,C,Y,72,NEW,TXC027,2820.4619140625,2026-06-15 02:36,00000,N,ER,OO,False,,,,,,,202606150236-KFWD-WGUS84-FLSFWD,Bonnette,2026
FWD,2026-06-15 02:36,2026-06-15 06:00,2026-06-15 02:36,202606150600,FA,C,Y,72,NEW,TXC145,2005.983642578125,2026-06-15 02:36,00000,N,ER,OO,False,,,,,,,202606150236-KFWD-WGUS84-FLSFWD,Bonnette,2026
FWD,2026-06-15 02:36,2026-06-15 06:00,2026-06-15 02:36,202606150600,FA,C,Y,72,NEW,TXC309,2748.083740234375,2026-06-15 02:36,00000,N,ER,OO,False,,,,,,,202606150236-KFWD-WGUS84-FLSFWD,Bonnette,2026
FWD,2026-06-15 02:36,2026-06-15 06:00,2026-06-15 02:36,202606150600,FA,C,Y,72,NEW,TXC331,2648.720458984375,2026-06-15 02:36,00000,N,ER,OO,False,,,,,,,202606150236-KFWD-WGUS84-FLSFWD,Bonnette,2026
FWD,2026-06-15 02:36,2026-06-15 06:00,2026-06-15 02:36,202606150600,FA,C,Y,72,NEW,TXC395,2244.22119140625,2026-06-15 02:36,00000,N,ER,OO,False,,,,,,,202606150236-KFWD-WGUS84-FLSFWD,Bonnette,2026
FWD,2026-06-15 02:44,2026-06-15 05:30,2026-06-15 02:44,202606150530,FF,C,W,56,EXP,TXC027,2820.4619140625,2026-06-15 05:33,00000,0,ER,OO,False,,,,,,,202606150244-KFWD-WGUS54-FFWFWD,Bonnette,2026
FWD,2026-06-15 02:44,2026-06-15 05:30,2026-06-15 02:44,202606150530,FF,C,W,56,EXP,TXC145,2005.983642578125,2026-06-15 05:33,00000,0,ER,OO,False,,,,,,,202606150244-KFWD-WGUS54-FFWFWD,Bonnette,2026
FWD,2026-06-15 02:44,2026-06-15 05:30,2026-06-15 02:44,202606150530,FF,C,W,56,EXP,TXC331,2648.720458984375,2026-06-15 05:33,00000,0,ER,OO,False,,,,,,,202606150244-KFWD-WGUS54-FFWFWD,Bonnette,2026
FWD,2026-06-15 01:42,2026-06-15 05:30,2026-06-15 01:42,202606150300,FF,C,W,55,EXP,TXC099,2739.294677734375,2026-06-15 05:33,00000,0,ER,OO,False,,,,,,,202606150142-KFWD-WGUS54-FFWFWD,Bonnette,2026
FWD,2026-06-15 01:42,2026-06-15 05:30,2026-06-15 01:42,202606150300,FF,C,W,55,EXP,TXC145,2005.983642578125,2026-06-15 05:33,00000,0,ER,OO,False,,,,,,,202606150142-KFWD-WGUS54-FFWFWD,Bonnette,2026
FWD,2026-06-15 01:42,2026-06-15 05:30,2026-06-15 01:42,202606150300,FF,C,W,55,EXP,TXC309,2748.083740234375,2026-06-15 05:33,00000,0,ER,OO,False,,,,,,,202606150142-KFWD-WGUS54-FFWFWD,Bonnette,2026
FWD,2026-06-15 04:25,2026-06-15 07:30,2026-06-15 04:25,202606150730,FF,C,W,58,NEW,TXC331,2648.720458984375,2026-06-15 04:25,00000,0,ER,OO,False,,,,,,,202606150425-KFWD-WGUS54-FFWFWD,Langfeld,2026
FWD,2026-06-15 05:33,2026-06-15 07:30,2026-06-15 05:33,202606150730,FA,C,W,8,NEW,TXC027,2820.4619140625,2026-06-15 05:33,00000,0,ER,OO,False,,,,,,,202606150533-KFWD-WGUS44-FLWFWD,Langfeld,2026
FWD,2026-06-15 05:33,2026-06-15 07:30,2026-06-15 05:33,202606150730,FA,C,W,8,NEW,TXC145,2005.983642578125,2026-06-15 05:33,00000,0,ER,OO,False,,,,,,,202606150533-KFWD-WGUS44-FLWFWD,Langfeld,2026
FWD,2026-06-15 05:33,2026-06-15 07:30,2026-06-15 05:33,202606150730,FA,C,W,8,NEW,TXC331,2648.720458984375,2026-06-15 05:33,00000,0,ER,OO,False,,,,,,,202606150533-KFWD-WGUS44-FLWFWD,Langfeld,2026
FWD,2026-06-15 05:33,2026-06-15 07:30,2026-06-15 05:33,202606150730,FA,C,W,8,NEW,TXC395,2244.22119140625,2026-06-15 05:33,00000,0,ER,OO,False,,,,,,,202606150533-KFWD-WGUS44-FLWFWD,Langfeld,2026
FWD,2026-06-15 03:00,2026-06-15 05:30,2026-06-15 03:00,202606150530,FF,C,W,57,EXP,TXC145,2005.983642578125,2026-06-15 05:33,00000,0,ER,OO,False,,,,,,,202606150300-KFWD-WGUS54-FFWFWD,Bonnette,2026
FWD,2026-06-15 07:29,2026-06-15 10:30,2026-06-15 07:29,202606151030,FA,C,W,9,EXP,TXC331,2648.720458984375,2026-06-15 10:22,00000,0,ER,OO,False,,,,,,,202606150729-KFWD-WGUS44-FLWFWD,Langfeld,2026
FWD,2026-06-23 05:10,2026-06-23 06:15,2026-06-23 05:10,202606230615,SV,C,W,224,EXP,TXC147,2329.727294921875,2026-06-23 06:05,,,,,False,,,,,,,202606230510-KFWD-WUUS54-SVRFWD,Sanchez,2026
FWD,2026-06-15 22:36,2026-06-16 01:13,2026-06-15 10:24,202606170000,FL,C,W,32,CAN,TXC331,2648.720458984375,2026-06-16 01:13,RLRT2,1,ER,NO,False,,,,,,,202606151024-KFWD-WGUS44-FLWFWD,Langfeld,2026
FWD,2026-06-15 22:30,2026-06-16 01:15,2026-06-15 10:24,202606171400,FL,C,W,31,CAN,TXC331,2648.720458984375,2026-06-16 01:15,CMNT2,1,ER,NO,False,,,,,,,202606151024-KFWD-WGUS44-FLWFWD,Langfeld,2026
FWD,2026-06-14 23:46,2026-06-16 00:00,2026-06-14 23:46,202606160000,FA,C,A,4,EXP,TXZ148,2793.626953125,2026-06-15 23:47,00000,0,ER,OO,False,,,,,,,202606142346-KFWD-WGUS64-FFAFWD,Dunn,2026
FWD,2026-06-14 23:46,2026-06-16 00:00,2026-06-14 23:46,202606160000,FA,C,A,4,EXP,TXZ161,2418.9755859375,2026-06-15 23:47,00000,0,ER,OO,False,,,,,,,202606142346-KFWD-WGUS64-FFAFWD,Dunn,2026
FWD,2026-06-14 23:46,2026-06-16 00:00,2026-06-14 17:43,202606160000,FA,C,A,4,EXP,TXZ160,2005.983642578125,2026-06-15 23:47,00000,0,ER,OO,False,,,,,,,202606141743-KFWD-WGUS64-FFAFWD,Bradshaw,2026
FWD,2026-06-15 13:44,2026-06-15 15:45,2026-06-15 13:44,202606151545,FA,C,Y,73,NEW,TXC309,2748.083740234375,2026-06-15 13:44,00000,N,ER,OO,False,,,,,,,202606151344-KFWD-WGUS84-FLSFWD,Schroeder,2026
FWD,2026-06-18 17:00,2026-06-19 02:00,2026-06-17 05:57,202606190200,HT,C,Y,2,CON,TXZ133,1903.355712890625,2026-06-18 17:59,,,,,False,,,,,,,202606170557-KFWD-WWUS74-NPWFWD,Stalley,2026
FWD,2026-06-18 17:00,2026-06-19 02:00,2026-06-17 05:57,202606190200,HT,C,Y,2,CON,TXZ132,497.27447509765625,2026-06-18 17:59,,,,,False,,,,,,,202606170557-KFWD-WWUS74-NPWFWD,Stalley,2026
FWD,2026-06-18 17:00,2026-06-19 02:00,2026-06-17 05:57,202606190200,HT,C,Y,2,CON,TXZ134,2466.30029296875,2026-06-18 17:59,,,,,False,,,,,,,202606170557-KFWD-WWUS74-NPWFWD,Stalley,2026
FWD,2026-06-18 17:00,2026-06-19 02:00,2026-06-17 05:57,202606190200,HT,C,Y,2,CON,TXZ135,2459.52685546875,2026-06-18 17:59,,,,,False,,,,,,,202606170557-KFWD-WWUS74-NPWFWD,Stalley,2026
FWD,2026-06-15 20:37,2026-06-15 22:31,2026-06-15 20:37,202606152300,FA,C,Y,74,CAN,TXC217,2554.8603515625,2026-06-15 22:31,00000,N,ER,OO,False,,,,,,,202606152037-KFWD-WGUS84-FLSFWD,Shamburger,2026
FWD,2026-06-15 20:40,2026-06-15 23:45,2026-06-15 20:40,202606152345,FA,C,Y,75,EXP,TXC161,2312.48291015625,2026-06-15 23:38,00000,N,ER,OO,False,,,,,,,202606152040-KFWD-WGUS84-FLSFWD,Shamburger,2026
FWD,2026-06-18 17:00,2026-06-19 02:00,2026-06-17 05:57,202606190200,HT,C,Y,2,CON,TXZ160,2005.983642578125,2026-06-18 17:59,,,,,False,,,,,,,202606170557-KFWD-WWUS74-NPWFWD,Stalley,2026
FWD,2026-06-18 17:00,2026-06-19 02:00,2026-06-17 05:57,202606190200,HT,C,Y,2,CON,TXZ141,2456.103271484375,2026-06-18 17:59,,,,,False,,,,,,,202606170557-KFWD-WWUS74-NPWFWD,Stalley,2026
FWD,2026-06-18 17:00,2026-06-19 02:00,2026-06-17 05:57,202606190200,HT,C,Y,2,CON,TXZ142,1943.57666015625,2026-06-18 17:59,,,,,False,,,,,,,202606170557-KFWD-WWUS74-NPWFWD,Stalley,2026
FWD,2026-06-18 17:00,2026-06-19 02:00,2026-06-17 05:57,202606190200,HT,C,Y,2,CON,TXZ143,2168.113037109375,2026-06-18 17:59,,,,,False,,,,,,,202606170557-KFWD-WWUS74-NPWFWD,Stalley,2026
FWD,2026-06-18 17:00,2026-06-19 02:00,2026-06-17 05:57,202606190200,HT,C,Y,2,CON,TXZ144,2598.81591796875,2026-06-18 17:59,,,,,False,,,,,,,202606170557-KFWD-WWUS74-NPWFWD,Stalley,2026
FWD,2026-06-18 17:00,2026-06-19 02:00,2026-06-17 05:57,202606190200,HT,C,Y,2,CON,TXZ145,2554.8603515625,2026-06-18 17:59,,,,,False,,,,,,,202606170557-KFWD-WWUS74-NPWFWD,Stalley,2026
FWD,2026-06-18 17:00,2026-06-19 02:00,2026-06-17 05:57,202606190200,HT,C,Y,2,CON,TXZ146,2815.175537109375,2026-06-18 17:59,,,,,False,,,,,,,202606170557-KFWD-WWUS74-NPWFWD,Stalley,2026
FWD,2026-06-18 17:00,2026-06-19 02:00,2026-06-17 05:57,202606190200,HT,C,Y,2,CON,TXZ147,2312.48291015625,2026-06-18 17:59,,,,,False,,,,,,,202606170557-KFWD-WWUS74-NPWFWD,Stalley,2026
FWD,2026-06-22 08:50,2026-06-22 12:44,2026-06-22 08:50,202606221600,SV,C,A,373,CAN,TXC085,2295.47705078125,2026-06-22 12:44,,,,,False,,,,,,,202606220850-KFWD-WWUS64-WCNFWD,,2026
FWD,2026-06-22 08:50,2026-06-22 12:44,2026-06-22 08:50,202606221600,SV,C,A,373,CAN,TXC097,2328.731689453125,2026-06-22 12:44,,,,,False,,,,,,,202606220850-KFWD-WWUS64-WCNFWD,,2026
FWD,2026-06-22 08:50,2026-06-22 12:44,2026-06-22 08:50,202606221600,SV,C,A,373,CAN,TXC119,719.8109741210938,2026-06-22 12:44,,,,,False,,,,,,,202606220850-KFWD-WWUS64-WCNFWD,,2026
FWD,2026-06-22 08:50,2026-06-22 12:44,2026-06-22 08:50,202606221600,SV,C,A,373,CAN,TXC121,2481.98583984375,2026-06-22 12:44,,,,,False,,,,,,,202606220850-KFWD-WWUS64-WCNFWD,,2026
FWD,2026-06-22 08:50,2026-06-22 12:44,2026-06-22 08:50,202606221600,SV,C,A,373,CAN,TXC147,2329.727294921875,2026-06-22 12:44,,,,,False,,,,,,,202606220850-KFWD-WWUS64-WCNFWD,,2026
FWD,2026-06-22 08:50,2026-06-22 12:44,2026-06-22 08:50,202606221600,SV,C,A,373,CAN,TXC181,2537.125732421875,2026-06-22 12:44,,,,,False,,,,,,,202606220850-KFWD-WWUS64-WCNFWD,,2026
FWD,2026-06-22 08:50,2026-06-22 12:44,2026-06-22 08:50,202606221600,SV,C,A,373,CAN,TXC223,2054.214111328125,2026-06-22 12:44,,,,,False,,,,,,,202606220850-KFWD-WWUS64-WCNFWD,,2026
FWD,2026-06-22 08:50,2026-06-22 12:44,2026-06-22 08:50,202606221600,SV,C,A,373,CAN,TXC231,2285.79638671875,2026-06-22 12:44,,,,,False,,,,,,,202606220850-KFWD-WWUS64-WCNFWD,,2026
FWD,2026-06-22 08:50,2026-06-22 12:44,2026-06-22 08:50,202606221600,SV,C,A,373,CAN,TXC277,2415.989013671875,2026-06-22 12:44,,,,,False,,,,,,,202606220850-KFWD-WWUS64-WCNFWD,,2026
FWD,2026-06-22 08:50,2026-06-22 12:44,2026-06-22 08:50,202606221600,SV,C,A,373,CAN,TXC337,2431.44677734375,2026-06-22 12:44,,,,,False,,,,,,,202606220850-KFWD-WWUS64-WCNFWD,,2026
FWD,2026-06-22 08:50,2026-06-22 12:44,2026-06-22 08:50,202606221600,SV,C,A,373,CAN,TXC379,670.7362060546875,2026-06-22 12:44,,,,,False,,,,,,,202606220850-KFWD-WWUS64-WCNFWD,,2026
FWD,2026-06-22 08:50,2026-06-22 12:44,2026-06-22 08:50,202606221600,SV,C,A,373,CAN,TXC497,2391.205078125,2026-06-22 12:44,,,,,False,,,,,,,202606220850-KFWD-WWUS64-WCNFWD,,2026
FWD,2026-06-19 17:00,2026-06-19 16:56,2026-06-19 05:23,202606200000,HT,C,Y,3,CAN,TXZ146,2815.175537109375,2026-06-19 16:56,,,,,False,,,,,,,202606190523-KFWD-WWUS74-NPWFWD,Shamburger,2026
FWD,2026-06-19 17:00,2026-06-19 16:56,2026-06-19 05:23,202606200000,HT,C,Y,3,CAN,TXZ135,2459.52685546875,2026-06-19 16:56,,,,,False,,,,,,,202606190523-KFWD-WWUS74-NPWFWD,Shamburger,2026
FWD,2026-06-19 17:00,2026-06-19 16:56,2026-06-19 05:23,202606200000,HT,C,Y,3,CAN,TXZ147,2312.48291015625,2026-06-19 16:56,,,,,False,,,,,,,202606190523-KFWD-WWUS74-NPWFWD,Shamburger,2026
FWD,2026-07-31 17:33,2026-08-01 01:00,2026-07-31 17:33,202608010100,HT,C,Y,22,NEW,TXZ144,2598.81591796875,2026-07-31 17:33,,,,,False,,,,,,,202607311733-KFWD-WWUS74-NPWFWD,Prater,2026
FWD,2026-06-19 07:25,2026-06-19 10:00,2026-06-19 07:25,202606191000,FA,C,Y,79,NEW,TXC503,2411.92529296875,2026-06-19 07:25,00000,N,ER,OO,False,,,,,,,202606190725-KFWD-WGUS84-FLSFWD,Shamburger,2026
FWD,2026-07-31 17:33,2026-08-01 01:00,2026-07-31 17:33,202608010100,HT,C,Y,22,NEW,TXZ159,2748.083740234375,2026-07-31 17:33,,,,,False,,,,,,,202607311733-KFWD-WWUS74-NPWFWD,Prater,2026
FWD,2026-06-19 07:35,2026-06-19 08:30,2026-06-19 07:35,202606190830,SV,C,W,220,CON,TXC503,2411.92529296875,2026-06-19 08:11,,,,,False,,,,,,,202606190735-KFWD-WUUS54-SVRFWD,Shamburger,2026
FWD,2026-06-19 08:04,2026-06-19 11:00,2026-06-19 08:04,202606191100,FF,C,W,59,CON,TXC503,2411.92529296875,2026-06-19 10:09,00000,U,ER,OO,False,,,,,,,202606190804-KFWD-WGUS54-FFWFWD,Shamburger,2026
FWD,2026-06-19 08:16,2026-06-19 09:15,2026-06-19 08:16,202606190915,SV,C,W,221,CON,TXC363,2553.9892578125,2026-06-19 08:51,,,,,False,,,,,,,202606190816-KFWD-WUUS54-SVRFWD,Shamburger,2026
FWD,2026-06-19 08:16,2026-06-19 08:51,2026-06-19 08:16,202606190915,SV,C,W,221,CAN,TXC237,2384.289794921875,2026-06-19 08:51,,,,,False,,,,,,,202606190816-KFWD-WUUS54-SVRFWD,Shamburger,2026
FWD,2026-06-19 08:16,2026-06-19 09:15,2026-06-19 08:16,202606190915,SV,C,W,221,CON,TXC429,2388.110107421875,2026-06-19 08:51,,,,,False,,,,,,,202606190816-KFWD-WUUS54-SVRFWD,Shamburger,2026
FWD,2026-06-19 08:16,2026-06-19 08:51,2026-06-19 08:16,202606190915,SV,C,W,221,CAN,TXC503,2411.92529296875,2026-06-19 08:51,,,,,False,,,,,,,202606190816-KFWD-WUUS54-SVRFWD,Shamburger,2026
FWD,2026-06-19 09:06,2026-06-19 09:30,2026-06-19 09:06,202606190930,TO,C,W,27,CON,TXC363,2553.9892578125,2026-06-19 09:21,,,,,False,,,,,,,202606190906-KFWD-WFUS54-TORFWD,Shamburger,2026
FWD,2026-06-19 09:23,2026-06-19 09:37,2026-06-19 09:23,202606191015,TO,C,W,28,CAN,TXC363,2553.9892578125,2026-06-19 09:37,,,,,False,,,,,,,202606190923-KFWD-WFUS54-TORFWD,Shamburger,2026
FWD,2026-06-19 09:23,2026-06-19 09:37,2026-06-19 09:23,202606191015,TO,C,W,28,CAN,TXC367,2358.543212890625,2026-06-19 09:37,,,,,False,,,,,,,202606190923-KFWD-WFUS54-TORFWD,Shamburger,2026
FWD,2026-06-19 09:13,2026-06-19 09:42,2026-06-19 09:13,202606191015,SV,C,W,222,CAN,TXC143,2824.395263671875,2026-06-19 09:42,,,,,False,,,,,,,202606190913-KFWD-WUUS54-SVRFWD,Shamburger,2026
FWD,2026-06-19 09:13,2026-06-19 09:42,2026-06-19 09:13,202606191015,SV,C,W,222,CAN,TXC221,1131.8604736328125,2026-06-19 09:42,,,,,False,,,,,,,202606190913-KFWD-WUUS54-SVRFWD,Shamburger,2026
FWD,2026-06-19 09:13,2026-06-19 09:59,2026-06-19 09:13,202606191015,SV,C,W,222,CAN,TXC363,2553.9892578125,2026-06-19 09:59,,,,,False,,,,,,,202606190913-KFWD-WUUS54-SVRFWD,Shamburger,2026
FWD,2026-06-19 09:51,2026-06-19 13:00,2026-06-19 09:51,202606191300,FA,C,Y,80,NEW,TXC237,2384.289794921875,2026-06-19 09:51,00000,N,ER,OO,False,,,,,,,202606190951-KFWD-WGUS84-FLSFWD,Shamburger,2026
FWD,2026-06-19 09:51,2026-06-19 13:00,2026-06-19 09:51,202606191300,FA,C,Y,80,NEW,TXC363,2553.9892578125,2026-06-19 09:51,00000,N,ER,OO,False,,,,,,,202606190951-KFWD-WGUS84-FLSFWD,Shamburger,2026
FWD,2026-06-19 09:51,2026-06-19 13:00,2026-06-19 09:51,202606191300,FA,C,Y,80,NEW,TXC367,2358.543212890625,2026-06-19 09:51,00000,N,ER,OO,False,,,,,,,202606190951-KFWD-WGUS84-FLSFWD,Shamburger,2026
FWD,2026-06-19 09:13,2026-06-19 09:59,2026-06-19 09:13,202606191015,SV,C,W,222,CAN,TXC367,2358.543212890625,2026-06-19 09:59,,,,,False,,,,,,,202606190913-KFWD-WUUS54-SVRFWD,Shamburger,2026
FWD,2026-06-18 17:00,2026-06-19 02:00,2026-06-17 05:57,202606190200,HT,C,Y,2,CON,TXZ162,2800.714111328125,2026-06-18 17:59,,,,,False,,,,,,,202606170557-KFWD-WWUS74-NPWFWD,Stalley,2026
FWD,2026-06-18 17:00,2026-06-19 02:00,2026-06-17 05:57,202606190200,HT,C,Y,2,CON,TXZ174,2648.720458984375,2026-06-18 17:59,,,,,False,,,,,,,202606170557-KFWD-WWUS74-NPWFWD,Stalley,2026
FWD,2026-06-18 17:00,2026-06-19 02:00,2026-06-17 05:57,202606190200,HT,C,Y,2,CON,TXZ175,2244.22119140625,2026-06-18 17:59,,,,,False,,,,,,,202606170557-KFWD-WWUS74-NPWFWD,Stalley,2026
FWD,2026-06-18 17:00,2026-06-19 02:00,2026-06-17 05:57,202606190200,HT,C,Y,2,CON,TXZ091,2431.44677734375,2026-06-18 17:59,,,,,False,,,,,,,202606170557-KFWD-WWUS74-NPWFWD,Stalley,2026
FWD,2026-06-18 17:00,2026-06-19 02:00,2026-06-17 05:57,202606190200,HT,C,Y,2,CON,TXZ092,2328.731689453125,2026-06-18 17:59,,,,,False,,,,,,,202606170557-KFWD-WWUS74-NPWFWD,Stalley,2026
FWD,2026-06-18 17:00,2026-06-19 02:00,2026-06-17 05:57,202606190200,HT,C,Y,2,CON,TXZ093,2537.125732421875,2026-06-18 17:59,,,,,False,,,,,,,202606170557-KFWD-WWUS74-NPWFWD,Stalley,2026
FWD,2026-06-18 17:00,2026-06-19 02:00,2026-06-17 05:57,202606190200,HT,C,Y,2,CON,TXZ094,2329.727294921875,2026-06-18 17:59,,,,,False,,,,,,,202606170557-KFWD-WWUS74-NPWFWD,Stalley,2026
FWD,2026-06-18 17:00,2026-06-19 02:00,2026-06-17 05:57,202606190200,HT,C,Y,2,CON,TXZ095,2415.989013671875,2026-06-18 17:59,,,,,False,,,,,,,202606170557-KFWD-WWUS74-NPWFWD,Stalley,2026
FWD,2026-06-18 17:00,2026-06-19 02:00,2026-06-17 05:57,202606190200,HT,C,Y,2,CON,TXZ100,2411.92529296875,2026-06-18 17:59,,,,,False,,,,,,,202606170557-KFWD-WWUS74-NPWFWD,Stalley,2026
FWD,2026-06-18 17:00,2026-06-19 02:00,2026-06-17 05:57,202606190200,HT,C,Y,2,CON,TXZ101,2384.284912109375,2026-06-18 17:59,,,,,False,,,,,,,202606170557-KFWD-WWUS74-NPWFWD,Stalley,2026
FWD,2026-06-18 17:00,2026-06-19 02:00,2026-06-17 05:57,202606190200,HT,C,Y,2,CON,TXZ102,2391.205078125,2026-06-18 17:59,,,,,False,,,,,,,202606170557-KFWD-WWUS74-NPWFWD,Stalley,2026
FWD,2026-06-19 10:32,2026-06-19 16:00,2026-06-19 10:32,202606191300,FA,C,Y,81,EXP,TXC337,2431.44677734375,2026-06-19 15:59,00000,N,ER,OO,False,,,,,,,202606191032-KFWD-WGUS84-FLSFWD,Shamburger,2026
FWD,2026-06-19 10:32,2026-06-19 16:00,2026-06-19 10:32,202606191300,FA,C,Y,81,EXP,TXC497,2391.205078125,2026-06-19 15:59,00000,N,ER,OO,False,,,,,,,202606191032-KFWD-WGUS84-FLSFWD,Shamburger,2026
FWD,2026-06-19 11:30,2026-06-19 14:30,2026-06-19 11:30,202606191430,FA,C,Y,82,NEW,TXC121,2481.98583984375,2026-06-19 11:30,00000,N,ER,OO,False,,,,,,,202606191130-KFWD-WGUS84-FLSFWD,Stalley,2026
FWD,2026-06-19 12:02,2026-06-19 15:00,2026-06-19 12:02,202606191500,FA,C,Y,83,NEW,TXC093,2456.103271484375,2026-06-19 12:02,00000,N,ER,OO,False,,,,,,,202606191202-KFWD-WGUS84-FLSFWD,Stalley,2026
FWD,2026-06-19 12:02,2026-06-19 15:00,2026-06-19 12:02,202606191500,FA,C,Y,83,NEW,TXC133,2415.1904296875,2026-06-19 12:02,00000,N,ER,OO,False,,,,,,,202606191202-KFWD-WGUS84-FLSFWD,Stalley,2026
FWD,2026-07-31 17:33,2026-08-01 01:00,2026-07-31 17:33,202608010100,HT,C,Y,22,NEW,TXZ160,2005.983642578125,2026-07-31 17:33,,,,,False,,,,,,,202607311733-KFWD-WWUS74-NPWFWD,Prater,2026
FWD,2026-06-19 12:24,2026-06-19 15:30,2026-06-19 12:24,202606191530,FA,C,Y,84,NEW,TXC085,2295.47705078125,2026-06-19 12:24,00000,N,ER,OO,False,,,,,,,202606191224-KFWD-WGUS84-FLSFWD,Stalley,2026
FWD,2026-06-19 12:24,2026-06-19 15:30,2026-06-19 12:24,202606191530,FA,C,Y,84,NEW,TXC113,2354.464599609375,2026-06-19 12:24,00000,N,ER,OO,False,,,,,,,202606191224-KFWD-WGUS84-FLSFWD,Stalley,2026
FWD,2026-07-31 17:33,2026-08-01 01:00,2026-07-31 17:33,202608010100,HT,C,Y,22,NEW,TXZ161,2418.9755859375,2026-07-31 17:33,,,,,False,,,,,,,202607311733-KFWD-WWUS74-NPWFWD,Prater,2026
FWD,2026-06-19 12:44,2026-06-19 16:45,2026-06-19 12:44,202606191545,FF,C,W,60,EXP,TXC085,2295.47705078125,2026-06-19 16:39,00000,0,ER,OO,False,,,,,,,202606191244-KFWD-WGUS54-FFWFWD,Stalley,2026
FWD,2026-07-31 17:33,2026-08-01 01:00,2026-07-31 17:33,202608010100,HT,C,Y,22,NEW,TXZ175,2244.22119140625,2026-07-31 17:33,,,,,False,,,,,,,202607311733-KFWD-WWUS74-NPWFWD,Prater,2026
FWD,2026-06-19 13:33,2026-06-19 16:30,2026-06-19 13:33,202606191630,FA,C,Y,85,NEW,TXC093,2456.103271484375,2026-06-19 13:33,00000,N,ER,OO,False,,,,,,,202606191333-KFWD-WGUS84-FLSFWD,Stalley,2026
FWD,2026-06-19 13:33,2026-06-19 16:30,2026-06-19 13:33,202606191630,FA,C,Y,85,NEW,TXC333,1943.57666015625,2026-06-19 13:33,00000,N,ER,OO,False,,,,,,,202606191333-KFWD-WGUS84-FLSFWD,Stalley,2026
FWD,2026-06-19 13:52,2026-06-19 16:45,2026-06-19 13:52,202606191645,FA,C,Y,86,EXP,TXC277,2415.989013671875,2026-06-19 16:42,00000,N,ER,OO,False,,,,,,,202606191352-KFWD-WGUS84-FLSFWD,Stalley,2026
FWD,2026-06-19 13:54,2026-06-19 17:00,2026-06-19 13:54,202606191700,FF,C,W,61,EXP,TXC093,2456.103271484375,2026-06-19 17:02,00000,0,ER,OO,False,,,,,,,202606191354-KFWD-WGUS54-FFWFWD,Stalley,2026
FWD,2026-06-19 16:00,2026-06-19 18:55,2026-06-19 14:14,202606200000,FL,C,W,34,CAN,TXC113,2354.464599609375,2026-06-19 18:55,CART2,1,ER,NO,False,,,,,,,202606191414-KFWD-WGUS44-FLWFWD,,2026
FWD,2026-06-19 13:46,2026-06-20 00:53,2026-06-19 13:44,202606191800,FL,C,W,33,CAN,TXC113,2354.464599609375,2026-06-20 00:53,DWRT2,1,ER,NO,False,,,,,,,202606191344-KFWD-WGUS44-FLWFWD,Stalley,2026
FWD,2026-07-31 17:33,2026-08-01 01:00,2026-07-31 17:33,202608010100,HT,C,Y,20,EXA,TXZ145,2554.8603515625,2026-07-31 17:33,,,,,False,,,,,,,202607311733-KFWD-WWUS74-NPWFWD,Prater,2026
FWD,2026-06-20 03:38,2026-06-20 03:48,2026-06-19 14:40,202606201500,FL,C,W,36,CAN,TXC085,2295.47705078125,2026-06-20 03:48,BVWT2,1,ER,NO,False,,,,,,,202606191440-KFWD-WGUS44-FLWFWD,Hardy,2026
FWD,2026-06-19 15:16,2026-06-19 18:15,2026-06-19 15:16,202606191815,FA,C,Y,87,EXP,TXC281,1850.7310791015625,2026-06-19 18:10,00000,N,ER,OO,False,,,,,,,202606191516-KFWD-WGUS84-FLSFWD,Hardy,2026
FWD,2026-06-19 14:54,2026-06-19 15:32,2026-06-19 14:54,202606191545,SV,C,W,223,CAN,TXC281,1850.7310791015625,2026-06-19 15:32,,,,,False,,,,,,,202606191454-KFWD-WUUS54-SVRFWD,Dunn,2026
FWD,2026-06-19 12:44,2026-06-19 16:45,2026-06-19 12:44,202606191545,FF,C,W,60,EXP,TXC113,2354.464599609375,2026-06-19 16:39,00000,0,ER,OO,False,,,,,,,202606191244-KFWD-WGUS54-FFWFWD,Stalley,2026
FWD,2026-06-19 12:44,2026-06-19 16:45,2026-06-19 12:44,202606191545,FF,C,W,60,EXP,TXC121,2481.98583984375,2026-06-19 16:39,00000,0,ER,OO,False,,,,,,,202606191244-KFWD-WGUS54-FFWFWD,Stalley,2026
FWD,2026-06-19 17:00,2026-06-19 16:56,2026-06-19 05:23,202606200000,HT,C,Y,3,CAN,TXZ148,2793.626953125,2026-06-19 16:56,,,,,False,,,,,,,202606190523-KFWD-WWUS74-NPWFWD,Shamburger,2026
FWD,2026-06-19 17:00,2026-06-19 16:56,2026-06-19 05:23,202606200000,HT,C,Y,3,CAN,TXZ157,2739.294677734375,2026-06-19 16:56,,,,,False,,,,,,,202606190523-KFWD-WWUS74-NPWFWD,Shamburger,2026
FWD,2026-06-19 17:00,2026-06-19 16:56,2026-06-19 05:23,202606200000,HT,C,Y,3,CAN,TXZ158,2820.4619140625,2026-06-19 16:56,,,,,False,,,,,,,202606190523-KFWD-WWUS74-NPWFWD,Shamburger,2026
FWD,2026-06-19 17:00,2026-06-19 16:56,2026-06-19 05:23,202606200000,HT,C,Y,3,CAN,TXZ159,2748.083740234375,2026-06-19 16:56,,,,,False,,,,,,,202606190523-KFWD-WWUS74-NPWFWD,Shamburger,2026
FWD,2026-06-19 17:00,2026-06-19 16:56,2026-06-19 05:23,202606200000,HT,C,Y,3,CAN,TXZ160,2005.983642578125,2026-06-19 16:56,,,,,False,,,,,,,202606190523-KFWD-WWUS74-NPWFWD,Shamburger,2026
FWD,2026-06-19 17:00,2026-06-19 16:56,2026-06-19 05:23,202606200000,HT,C,Y,3,CAN,TXZ161,2418.9755859375,2026-06-19 16:56,,,,,False,,,,,,,202606190523-KFWD-WWUS74-NPWFWD,Shamburger,2026
FWD,2026-06-19 17:00,2026-06-19 16:56,2026-06-19 05:23,202606200000,HT,C,Y,3,CAN,TXZ162,2800.714111328125,2026-06-19 16:56,,,,,False,,,,,,,202606190523-KFWD-WWUS74-NPWFWD,Shamburger,2026
FWD,2026-06-19 17:00,2026-06-19 16:56,2026-06-19 05:23,202606200000,HT,C,Y,3,CAN,TXZ174,2648.720458984375,2026-06-19 16:56,,,,,False,,,,,,,202606190523-KFWD-WWUS74-NPWFWD,Shamburger,2026
FWD,2026-06-19 17:00,2026-06-19 16:56,2026-06-19 05:23,202606200000,HT,C,Y,3,CAN,TXZ175,2244.22119140625,2026-06-19 16:56,,,,,False,,,,,,,202606190523-KFWD-WWUS74-NPWFWD,Shamburger,2026
FWD,2026-06-19 16:59,2026-06-19 20:00,2026-06-19 16:59,202606192000,FA,C,W,10,EXP,TXC093,2456.103271484375,2026-06-19 19:54,00000,0,ER,OO,False,,,,,,,202606191659-KFWD-WGUS44-FLWFWD,Hardy,2026
FWD,2026-06-23 10:02,2026-06-23 13:00,2026-06-23 10:02,202606231300,FA,C,Y,92,NEW,TXC277,2415.989013671875,2026-06-23 10:02,00000,N,ER,OO,False,,,,,,,202606231002-KFWD-WGUS84-FLSFWD,Sanchez,2026
FWD,2026-06-19 15:48,2026-06-19 17:45,2026-06-19 15:48,202606191745,FF,C,W,62,EXP,TXC333,1943.57666015625,2026-06-19 17:38,00000,0,ER,OO,False,,,,,,,202606191548-KFWD-WGUS54-FFWFWD,Hardy,2026
FWD,2026-06-19 15:16,2026-06-19 18:15,2026-06-19 15:16,202606191815,FA,C,Y,87,EXP,TXC333,1943.57666015625,2026-06-19 18:10,00000,N,ER,OO,False,,,,,,,202606191516-KFWD-WGUS84-FLSFWD,Hardy,2026
FWD,2026-06-18 17:00,2026-06-19 02:00,2026-06-17 05:57,202606190200,HT,C,Y,2,CON,TXZ148,2793.626953125,2026-06-18 17:59,,,,,False,,,,,,,202606170557-KFWD-WWUS74-NPWFWD,Stalley,2026
FWD,2026-06-18 17:00,2026-06-19 02:00,2026-06-17 05:57,202606190200,HT,C,Y,2,CON,TXZ156,1850.7310791015625,2026-06-18 17:59,,,,,False,,,,,,,202606170557-KFWD-WWUS74-NPWFWD,Stalley,2026
FWD,2026-06-18 17:00,2026-06-19 02:00,2026-06-17 05:57,202606190200,HT,C,Y,2,CON,TXZ157,2739.294677734375,2026-06-18 17:59,,,,,False,,,,,,,202606170557-KFWD-WWUS74-NPWFWD,Stalley,2026
FWD,2026-06-18 17:00,2026-06-19 02:00,2026-06-17 05:57,202606190200,HT,C,Y,2,CON,TXZ158,2820.4619140625,2026-06-18 17:59,,,,,False,,,,,,,202606170557-KFWD-WWUS74-NPWFWD,Stalley,2026
FWD,2026-06-18 17:00,2026-06-19 02:00,2026-06-17 05:57,202606190200,HT,C,Y,2,CON,TXZ159,2748.083740234375,2026-06-18 17:59,,,,,False,,,,,,,202606170557-KFWD-WWUS74-NPWFWD,Stalley,2026
FWD,2026-06-18 17:00,2026-06-19 02:00,2026-06-17 05:57,202606190200,HT,C,Y,2,CON,TXZ161,2418.9755859375,2026-06-18 17:59,,,,,False,,,,,,,202606170557-KFWD-WWUS74-NPWFWD,Stalley,2026
FWD,2026-06-18 17:00,2026-06-19 02:00,2026-06-17 05:57,202606190200,HT,C,Y,2,CON,TXZ103,2481.98583984375,2026-06-18 17:59,,,,,False,,,,,,,202606170557-KFWD-WWUS74-NPWFWD,Stalley,2026
FWD,2026-06-18 17:00,2026-06-19 02:00,2026-06-17 05:57,202606190200,HT,C,Y,2,CON,TXZ104,2295.47705078125,2026-06-18 17:59,,,,,False,,,,,,,202606170557-KFWD-WWUS74-NPWFWD,Stalley,2026
FWD,2026-06-18 17:00,2026-06-19 02:00,2026-06-17 05:57,202606190200,HT,C,Y,2,CON,TXZ105,2285.79638671875,2026-06-18 17:59,,,,,False,,,,,,,202606170557-KFWD-WWUS74-NPWFWD,Stalley,2026
FWD,2026-06-18 17:00,2026-06-19 02:00,2026-06-17 05:57,202606190200,HT,C,Y,2,CON,TXZ106,719.8109741210938,2026-06-18 17:59,,,,,False,,,,,,,202606170557-KFWD-WWUS74-NPWFWD,Stalley,2026
FWD,2026-06-18 17:00,2026-06-19 02:00,2026-06-17 05:57,202606190200,HT,C,Y,2,CON,TXZ107,2054.214111328125,2026-06-18 17:59,,,,,False,,,,,,,202606170557-KFWD-WWUS74-NPWFWD,Stalley,2026
FWD,2026-06-18 17:00,2026-06-19 02:00,2026-06-17 05:57,202606190200,HT,C,Y,2,CON,TXZ115,2388.110107421875,2026-06-18 17:59,,,,,False,,,,,,,202606170557-KFWD-WWUS74-NPWFWD,Stalley,2026
FWD,2026-06-18 17:00,2026-06-19 02:00,2026-06-17 05:57,202606190200,HT,C,Y,2,CON,TXZ117,2358.543212890625,2026-06-18 17:59,,,,,False,,,,,,,202606170557-KFWD-WWUS74-NPWFWD,Stalley,2026
FWD,2026-06-18 17:00,2026-06-19 02:00,2026-06-17 05:57,202606190200,HT,C,Y,2,CON,TXZ118,2325.8603515625,2026-06-18 17:59,,,,,False,,,,,,,202606170557-KFWD-WWUS74-NPWFWD,Stalley,2026
FWD,2026-06-18 17:00,2026-06-19 02:00,2026-06-17 05:57,202606190200,HT,C,Y,2,CON,TXZ119,2354.464599609375,2026-06-18 17:59,,,,,False,,,,,,,202606170557-KFWD-WWUS74-NPWFWD,Stalley,2026
FWD,2026-06-18 17:00,2026-06-19 02:00,2026-06-17 05:57,202606190200,HT,C,Y,2,CON,TXZ120,385.27215576171875,2026-06-18 17:59,,,,,False,,,,,,,202606170557-KFWD-WWUS74-NPWFWD,Stalley,2026
FWD,2026-06-18 17:00,2026-06-19 02:00,2026-06-17 05:57,202606190200,HT,C,Y,2,CON,TXZ121,2091.041015625,2026-06-18 17:59,,,,,False,,,,,,,202606170557-KFWD-WWUS74-NPWFWD,Stalley,2026
FWD,2026-06-18 17:00,2026-06-19 02:00,2026-06-17 05:57,202606190200,HT,C,Y,2,CON,TXZ122,2227.31298828125,2026-06-18 17:59,,,,,False,,,,,,,202606170557-KFWD-WWUS74-NPWFWD,Stalley,2026
FWD,2026-06-18 17:00,2026-06-19 02:00,2026-06-17 05:57,202606190200,HT,C,Y,2,CON,TXZ123,670.7362060546875,2026-06-18 17:59,,,,,False,,,,,,,202606170557-KFWD-WWUS74-NPWFWD,Stalley,2026
FWD,2026-06-18 17:00,2026-06-19 02:00,2026-06-17 05:57,202606190200,HT,C,Y,2,CON,TXZ129,2415.1904296875,2026-06-18 17:59,,,,,False,,,,,,,202606170557-KFWD-WWUS74-NPWFWD,Stalley,2026
FWD,2026-06-18 17:00,2026-06-19 02:00,2026-06-17 05:57,202606190200,HT,C,Y,2,CON,TXZ130,2824.395263671875,2026-06-18 17:59,,,,,False,,,,,,,202606170557-KFWD-WWUS74-NPWFWD,Stalley,2026
FWD,2026-06-18 17:00,2026-06-19 02:00,2026-06-17 05:57,202606190200,HT,C,Y,2,CON,TXZ131,1131.8604736328125,2026-06-18 17:59,,,,,False,,,,,,,202606170557-KFWD-WWUS74-NPWFWD,Stalley,2026
FWD,2026-06-23 21:53,2026-06-24 01:00,2026-06-23 21:53,202606240100,FA,C,Y,93,NEW,TXC147,2329.727294921875,2026-06-23 21:53,00000,N,ER,OO,False,,,,,,,202606232153-KFWD-WGUS84-FLSFWD,Hardy,2026
FWD,2026-06-20 00:53,2026-06-20 07:18,2026-06-20 00:53,202606201500,FL,C,W,38,CAN,TXC121,2481.98583984375,2026-06-20 07:18,DCJT2,1,ER,NO,False,,,,,,,202606200053-KFWD-WGUS44-FLWFWD,30,2026
FWD,2026-06-20 05:00,2026-06-20 03:48,2026-06-19 14:25,202606201200,FL,C,W,35,CAN,TXC113,2354.464599609375,2026-06-20 03:48,DALT2,1,ER,NO,False,,,,,,,202606191425-KFWD-WGUS44-FLWFWD,JH,2026
FWD,2026-06-23 21:53,2026-06-24 01:00,2026-06-23 21:53,202606240100,FA,C,Y,93,NEW,TXC277,2415.989013671875,2026-06-23 21:53,00000,N,ER,OO,False,,,,,,,202606232153-KFWD-WGUS84-FLSFWD,Hardy,2026
FWD,2026-06-20 08:49,2026-06-20 12:00,2026-06-20 08:49,202606201200,FF,C,W,63,NEW,TXC001,2793.626953125,2026-06-20 08:49,00000,0,ER,OO,False,,,,,,,202606200849-KFWD-WGUS54-FFWFWD,Shamburger,2026
FWD,2026-06-20 08:49,2026-06-20 12:00,2026-06-20 08:49,202606201200,FF,C,W,63,NEW,TXC161,2312.48291015625,2026-06-20 08:49,00000,0,ER,OO,False,,,,,,,202606200849-KFWD-WGUS54-FFWFWD,Shamburger,2026
FWD,2026-06-20 08:49,2026-06-20 12:00,2026-06-20 08:49,202606201200,FF,C,W,63,NEW,TXC289,2800.714111328125,2026-06-20 08:49,00000,0,ER,OO,False,,,,,,,202606200849-KFWD-WGUS54-FFWFWD,Shamburger,2026
FWD,2026-06-20 08:49,2026-06-20 12:00,2026-06-20 08:49,202606201200,FF,C,W,63,NEW,TXC293,2418.9755859375,2026-06-20 08:49,00000,0,ER,OO,False,,,,,,,202606200849-KFWD-WGUS54-FFWFWD,Shamburger,2026
FWD,2026-06-20 09:46,2026-06-20 12:00,2026-06-20 09:46,202606201200,FF,C,W,64,NEW,TXC161,2312.48291015625,2026-06-20 09:46,00000,0,ER,OO,False,,,,,,,202606200946-KFWD-WGUS54-FFWFWD,Shamburger,2026
FWD,2026-06-20 09:46,2026-06-20 12:00,2026-06-20 09:46,202606201200,FF,C,W,64,NEW,TXC293,2418.9755859375,2026-06-20 09:46,00000,0,ER,OO,False,,,,,,,202606200946-KFWD-WGUS54-FFWFWD,Shamburger,2026
FWD,2026-06-20 11:15,2026-06-20 15:00,2026-06-20 11:15,202606201500,FF,C,W,65,NEW,TXC161,2312.48291015625,2026-06-20 11:15,00000,0,ER,OO,False,,,,,,,202606201115-KFWD-WGUS54-FFWFWD,Shamburger,2026
FWD,2026-06-20 11:15,2026-06-20 15:00,2026-06-20 11:15,202606201500,FF,C,W,65,NEW,TXC289,2800.714111328125,2026-06-20 11:15,00000,0,ER,OO,False,,,,,,,202606201115-KFWD-WGUS54-FFWFWD,Shamburger,2026
FWD,2026-06-20 11:15,2026-06-20 15:00,2026-06-20 11:15,202606201500,FF,C,W,65,NEW,TXC293,2418.9755859375,2026-06-20 11:15,00000,0,ER,OO,False,,,,,,,202606201115-KFWD-WGUS54-FFWFWD,Shamburger,2026
FWD,2026-06-19 21:01,2026-06-20 14:19,2026-06-19 21:01,202606210000,FL,C,W,37,CAN,TXC231,2285.79638671875,2026-06-20 14:19,GNVT2,1,ER,NO,False,,,,,,,202606192101-KFWD-WGUS44-FLWFWD,Hardy,2026
FWD,2026-06-20 14:48,2026-06-20 18:30,2026-06-20 14:48,202606201830,FA,C,W,11,NEW,TXC001,2793.626953125,2026-06-20 14:48,00000,0,ER,OO,False,,,,,,,202606201448-KFWD-WGUS44-FLWFWD,12,2026
FWD,2026-06-20 14:48,2026-06-20 18:30,2026-06-20 14:48,202606201830,FA,C,W,11,NEW,TXC161,2312.48291015625,2026-06-20 14:48,00000,0,ER,OO,False,,,,,,,202606201448-KFWD-WGUS44-FLWFWD,12,2026
FWD,2026-06-20 14:48,2026-06-20 18:30,2026-06-20 14:48,202606201830,FA,C,W,11,NEW,TXC289,2800.714111328125,2026-06-20 14:48,00000,0,ER,OO,False,,,,,,,202606201448-KFWD-WGUS44-FLWFWD,12,2026
FWD,2026-06-20 14:48,2026-06-20 18:30,2026-06-20 14:48,202606201830,FA,C,W,11,NEW,TXC293,2418.9755859375,2026-06-20 14:48,00000,0,ER,OO,False,,,,,,,202606201448-KFWD-WGUS44-FLWFWD,12,2026
FWD,2026-06-23 13:25,2026-06-23 16:00,2026-06-23 13:25,202606231600,FF,C,W,67,EXP,TXC277,2415.989013671875,2026-06-23 15:54,00000,0,ER,OO,False,,,,,,,202606231325-KFWD-WGUS54-FFWFWD,Bonnette,2026
FWD,2026-06-23 14:03,2026-06-23 14:47,2026-06-23 14:03,202606231500,SV,C,W,225,CAN,TXC277,2415.989013671875,2026-06-23 14:47,,,,,False,,,,,,,202606231403-KFWD-WUUS54-SVRFWD,Bonnette,2026
FWD,2026-06-22 17:15,2026-06-22 20:04,2026-06-22 12:58,202606231200,FL,C,W,40,CAN,TXC231,2285.79638671875,2026-06-22 20:04,GNVT2,1,ER,NO,False,,,,,,,202606221258-KFWD-WGUS44-FLWFWD,Schroeder,2026
FWD,2026-06-20 23:11,2026-06-24 13:24,2026-06-20 14:18,202607120036,FL,C,W,39,CAN,TXC395,2244.22119140625,2026-06-24 13:24,EAST2,2,ER,NO,False,,,,,,,202606201418-KFWD-WGUS44-FLWFWD,Fenske,2026
FWD,2026-06-23 15:54,2026-06-23 19:00,2026-06-23 15:54,202606231900,FA,C,W,12,EXP,TXC277,2415.989013671875,2026-06-23 18:59,00000,0,ER,OO,False,,,,,,,202606231554-KFWD-WGUS44-FLWFWD,Bonnette,2026
FWD,2026-06-23 12:04,2026-06-23 16:00,2026-06-23 12:04,202606231400,FF,C,W,66,EXP,TXC277,2415.989013671875,2026-06-23 15:54,00000,0,ER,OO,False,,,,,,,202606231204-KFWD-WGUS54-FFWFWD,Sanchez,2026
FWD,2026-06-23 20:20,2026-06-24 00:00,2026-06-23 20:20,202606240000,SV,C,A,382,EXP,TXC363,2553.9892578125,2026-06-23 23:37,,,,,False,,,,,,,202606232020-KFWD-WWUS64-WCNFWD,,2026
FWD,2026-06-23 20:20,2026-06-23 23:37,2026-06-23 20:20,202606240000,SV,C,A,382,CAN,TXC237,2384.289794921875,2026-06-23 23:37,,,,,False,,,,,,,202606232020-KFWD-WWUS64-WCNFWD,,2026
FWD,2026-06-23 20:52,2026-06-23 21:45,2026-06-23 20:52,202606232145,SV,C,W,226,NEW,TXC503,2411.92529296875,2026-06-23 20:52,,,,,False,,,,,,,202606232052-KFWD-WUUS54-SVRFWD,Garcia,2026
FWD,2026-06-23 21:42,2026-06-23 23:37,2026-06-23 21:42,202606240000,SV,C,A,382,CAN,TXC497,2391.205078125,2026-06-23 23:37,,,,,False,,,,,,,202606232142-KFWD-WWUS64-WCNFWD,,2026
FWD,2026-06-23 22:15,2026-06-23 23:37,2026-06-23 22:13,202606240300,SV,C,A,384,CAN,TXC121,2481.98583984375,2026-06-23 23:37,,,,,False,,,,,,,202606232213-KFWD-WWUS64-WCNFWD,,2026
FWD,2026-06-23 22:15,2026-06-23 23:37,2026-06-23 22:13,202606240300,SV,C,A,384,CAN,TXC147,2329.727294921875,2026-06-23 23:37,,,,,False,,,,,,,202606232213-KFWD-WWUS64-WCNFWD,,2026
FWD,2026-06-23 22:15,2026-06-24 01:24,2026-06-23 22:13,202606240300,SV,C,A,384,CAN,TXC085,2295.47705078125,2026-06-24 01:24,,,,,False,,,,,,,202606232213-KFWD-WWUS64-WCNFWD,,2026
FWD,2026-06-23 20:20,2026-06-24 00:00,2026-06-23 20:20,202606240000,SV,C,A,382,EXP,TXC367,2358.543212890625,2026-06-23 23:37,,,,,False,,,,,,,202606232020-KFWD-WWUS64-WCNFWD,,2026
FWD,2026-06-23 21:43,2026-06-23 22:15,2026-06-23 21:43,202606232245,SV,C,W,227,CAN,TXC363,2553.9892578125,2026-06-23 22:15,,,,,False,,,,,,,202606232143-KFWD-WUUS54-SVRFWD,Garcia,2026
FWD,2026-06-23 21:43,2026-06-23 22:15,2026-06-23 21:43,202606232245,SV,C,W,227,CAN,TXC367,2358.543212890625,2026-06-23 22:15,,,,,False,,,,,,,202606232143-KFWD-WUUS54-SVRFWD,Garcia,2026
FWD,2026-06-23 21:43,2026-06-23 22:15,2026-06-23 21:43,202606232245,SV,C,W,227,CAN,TXC503,2411.92529296875,2026-06-23 22:15,,,,,False,,,,,,,202606232143-KFWD-WUUS54-SVRFWD,Garcia,2026
FWD,2026-06-23 21:43,2026-06-23 22:45,2026-06-23 21:43,202606232245,SV,C,W,227,EXP,TXC237,2384.289794921875,2026-06-23 22:38,,,,,False,,,,,,,202606232143-KFWD-WUUS54-SVRFWD,Garcia,2026
FWD,2026-06-23 20:20,2026-06-23 23:37,2026-06-23 20:20,202606240000,SV,C,A,382,CAN,TXC429,2388.110107421875,2026-06-23 23:37,,,,,False,,,,,,,202606232020-KFWD-WWUS64-WCNFWD,,2026
FWD,2026-06-23 20:20,2026-06-23 23:37,2026-06-23 20:20,202606240000,SV,C,A,382,CAN,TXC503,2411.92529296875,2026-06-23 23:37,,,,,False,,,,,,,202606232020-KFWD-WWUS64-WCNFWD,,2026
FWD,2026-06-23 21:43,2026-06-23 22:45,2026-06-23 21:43,202606232245,SV,C,W,227,EXP,TXC497,2391.205078125,2026-06-23 22:38,,,,,False,,,,,,,202606232143-KFWD-WUUS54-SVRFWD,Garcia,2026
FWD,2026-06-23 23:10,2026-06-23 23:45,2026-06-23 23:10,202606232345,SV,C,W,228,EXP,TXC277,2415.989013671875,2026-06-23 23:39,,,,,False,,,,,,,202606232310-KFWD-WUUS54-SVRFWD,Stalley,2026
FWD,2026-06-23 22:15,2026-06-24 00:34,2026-06-23 22:13,202606240300,SV,C,A,384,CAN,TXC277,2415.989013671875,2026-06-24 00:34,,,,,False,,,,,,,202606232213-KFWD-WWUS64-WCNFWD,,2026
FWD,2026-06-23 22:15,2026-06-24 00:34,2026-06-23 22:13,202606240300,SV,C,A,384,CAN,TXC119,719.8109741210938,2026-06-24 00:34,,,,,False,,,,,,,202606232213-KFWD-WWUS64-WCNFWD,,2026
FWD,2026-06-23 22:15,2026-06-24 01:24,2026-06-23 22:13,202606240300,SV,C,A,384,CAN,TXC223,2054.214111328125,2026-06-24 01:24,,,,,False,,,,,,,202606232213-KFWD-WWUS64-WCNFWD,,2026
FWD,2026-06-23 22:15,2026-06-24 01:24,2026-06-23 22:13,202606240300,SV,C,A,384,CAN,TXC231,2285.79638671875,2026-06-24 01:24,,,,,False,,,,,,,202606232213-KFWD-WWUS64-WCNFWD,,2026
FWD,2026-06-23 22:15,2026-06-24 01:24,2026-06-23 22:13,202606240300,SV,C,A,384,CAN,TXC257,2091.041015625,2026-06-24 01:24,,,,,False,,,,,,,202606232213-KFWD-WWUS64-WCNFWD,,2026
FWD,2026-06-23 22:15,2026-06-24 01:24,2026-06-23 22:13,202606240300,SV,C,A,384,CAN,TXC467,2227.31298828125,2026-06-24 01:24,,,,,False,,,,,,,202606232213-KFWD-WWUS64-WCNFWD,,2026
FWD,2026-06-23 22:15,2026-06-24 01:24,2026-06-23 22:13,202606240300,SV,C,A,384,CAN,TXC113,2354.464599609375,2026-06-24 01:24,,,,,False,,,,,,,202606232213-KFWD-WWUS64-WCNFWD,,2026
FWD,2026-06-23 22:15,2026-06-24 01:24,2026-06-23 22:13,202606240300,SV,C,A,384,CAN,TXC379,670.7362060546875,2026-06-24 01:24,,,,,False,,,,,,,202606232213-KFWD-WWUS64-WCNFWD,,2026
FWD,2026-06-23 22:15,2026-06-24 01:24,2026-06-23 22:13,202606240300,SV,C,A,384,CAN,TXC397,385.27215576171875,2026-06-24 01:24,,,,,False,,,,,,,202606232213-KFWD-WWUS64-WCNFWD,,2026
FWD,2026-06-23 22:15,2026-06-24 01:24,2026-06-23 22:13,202606240300,SV,C,A,384,CAN,TXC439,2325.8603515625,2026-06-24 01:24,,,,,False,,,,,,,202606232213-KFWD-WWUS64-WCNFWD,,2026
FWD,2026-06-24 17:00,2026-06-24 02:11,2026-06-23 19:07,202606250700,FL,C,W,41,CAN,TXC231,2285.79638671875,2026-06-24 02:11,GNVT2,1,ER,NO,False,,,,,,,202606231907-KFWD-WGUS44-FLWFWD,,2026
FWD,2026-06-24 18:00,2026-06-24 02:12,2026-06-23 19:07,202606250600,FL,C,W,42,CAN,TXC231,2285.79638671875,2026-06-24 02:12,QLAT2,1,ER,NO,False,,,,,,,202606231907-KFWD-WGUS44-FLWFWD,,2026
FWD,2026-06-24 18:00,2026-06-24 02:12,2026-06-23 19:07,202606250600,FL,C,W,42,CAN,TXC397,385.27215576171875,2026-06-24 02:12,QLAT2,1,ER,NO,False,,,,,,,202606231907-KFWD-WGUS44-FLWFWD,,2026
FWD,2026-06-24 18:00,2026-06-24 02:13,2026-06-23 19:07,202606250600,FL,C,W,43,CAN,TXC085,2295.47705078125,2026-06-24 02:13,BVWT2,1,ER,NO,False,,,,,,,202606231907-KFWD-WGUS44-FLWFWD-RRA,,2026
FWD,2026-06-20 23:11,2026-06-24 13:24,2026-06-20 14:18,202607120036,FL,C,W,39,CAN,TXC289,2800.714111328125,2026-06-24 13:24,EAST2,2,ER,NO,False,,,,,,,202606201418-KFWD-WGUS44-FLWFWD,Fenske,2026
FWD,2026-07-25 17:00,2026-07-26 01:00,2026-07-25 01:27,202607260100,HT,C,Y,19,CON,TXZ104,2295.47705078125,2026-07-25 17:19,,,,,False,,,,,,,202607250127-KFWD-WWUS74-NPWFWD,Dunn,2026
FWD,2026-07-25 17:00,2026-07-26 01:00,2026-07-25 01:27,202607260100,HT,C,Y,19,CON,TXZ105,2285.79638671875,2026-07-25 17:19,,,,,False,,,,,,,202607250127-KFWD-WWUS74-NPWFWD,Dunn,2026
FWD,2026-07-25 17:00,2026-07-26 01:00,2026-07-25 01:27,202607260100,HT,C,Y,19,CON,TXZ106,719.8109741210938,2026-07-25 17:19,,,,,False,,,,,,,202607250127-KFWD-WWUS74-NPWFWD,Dunn,2026
FWD,2026-07-25 17:00,2026-07-26 01:00,2026-07-25 01:27,202607260100,HT,C,Y,19,CON,TXZ107,2054.214111328125,2026-07-25 17:19,,,,,False,,,,,,,202607250127-KFWD-WWUS74-NPWFWD,Dunn,2026
FWD,2026-07-25 17:00,2026-07-26 01:00,2026-07-25 01:27,202607260100,HT,C,Y,19,CON,TXZ134,2466.30029296875,2026-07-25 17:19,,,,,False,,,,,,,202607250127-KFWD-WWUS74-NPWFWD,Dunn,2026
FWD,2026-07-25 17:00,2026-07-26 01:00,2026-07-25 01:27,202607260100,HT,C,Y,19,CON,TXZ100,2411.92529296875,2026-07-25 17:19,,,,,False,,,,,,,202607250127-KFWD-WWUS74-NPWFWD,Dunn,2026
FWD,2026-07-25 17:00,2026-07-26 01:00,2026-07-25 01:27,202607260100,HT,C,Y,19,CON,TXZ116,2553.9892578125,2026-07-25 17:19,,,,,False,,,,,,,202607250127-KFWD-WWUS74-NPWFWD,Dunn,2026
FWD,2026-07-14 14:58,2026-07-14 18:00,2026-07-14 14:58,202607141800,FA,C,Y,110,NEW,TXC027,2820.4619140625,2026-07-14 14:58,00000,N,ER,OO,False,,,,,,,202607141458-KFWD-WGUS84-FLSFWD,Schroeder,2026
FWD,2026-07-14 14:58,2026-07-14 18:00,2026-07-14 14:58,202607141800,FA,C,Y,110,NEW,TXC331,2648.720458984375,2026-07-14 14:58,00000,N,ER,OO,False,,,,,,,202607141458-KFWD-WGUS84-FLSFWD,Schroeder,2026
FWD,2026-07-14 14:58,2026-07-14 18:00,2026-07-14 14:58,202607141800,FA,C,Y,110,NEW,TXC395,2244.22119140625,2026-07-14 14:58,00000,N,ER,OO,False,,,,,,,202607141458-KFWD-WGUS84-FLSFWD,Schroeder,2026
FWD,2026-07-05 19:39,2026-07-05 22:31,2026-07-05 19:39,202607060300,SV,C,A,463,CAN,TXC085,2295.47705078125,2026-07-05 22:31,,,,,False,,,,,,,202607051939-KFWD-WWUS64-WCNFWD,,2026
FWD,2026-07-05 19:39,2026-07-05 22:31,2026-07-05 19:39,202607060300,SV,C,A,463,CAN,TXC097,2328.731689453125,2026-07-05 22:31,,,,,False,,,,,,,202607051939-KFWD-WWUS64-WCNFWD,,2026
FWD,2026-07-14 16:20,2026-07-14 21:15,2026-07-14 16:20,202607141915,FF,C,W,79,EXP,TXC027,2820.4619140625,2026-07-14 21:11,00000,0,ER,OO,False,,,,,,,202607141620-KFWD-WGUS54-FFWFWD,Schroeder,2026
FWD,2026-07-05 20:28,2026-07-05 23:00,2026-07-05 20:28,202607052300,FA,C,Y,94,NEW,TXC467,2227.31298828125,2026-07-05 20:28,00000,N,ER,OO,False,,,,,,,202607052028-KFWD-WGUS84-FLSFWD,Stalley,2026
FWD,2026-07-05 20:42,2026-07-05 21:30,2026-07-05 20:42,202607052130,SV,C,W,229,EXP,TXC257,2091.041015625,2026-07-05 21:21,,,,,False,,,,,,,202607052042-KFWD-WUUS54-SVRFWD,Stalley,2026
FWD,2026-07-05 20:42,2026-07-05 21:30,2026-07-05 20:42,202607052130,SV,C,W,229,EXP,TXC467,2227.31298828125,2026-07-05 21:21,,,,,False,,,,,,,202607052042-KFWD-WUUS54-SVRFWD,Stalley,2026
FWD,2026-07-05 21:24,2026-07-05 22:00,2026-07-05 21:24,202607052200,SV,C,W,230,NEW,TXC379,670.7362060546875,2026-07-05 21:24,,,,,False,,,,,,,202607052124-KFWD-WUUS54-SVRFWD,Stalley,2026
FWD,2026-07-05 21:24,2026-07-05 22:00,2026-07-05 21:24,202607052200,SV,C,W,230,NEW,TXC467,2227.31298828125,2026-07-05 21:24,,,,,False,,,,,,,202607052124-KFWD-WUUS54-SVRFWD,Stalley,2026
FWD,2026-07-16 08:58,2026-07-16 13:00,2026-07-16 08:58,202607161200,FA,C,Y,115,EXT,TXC133,2415.1904296875,2026-07-16 11:50,00000,N,ER,OO,False,,,,,,,202607160858-KFWD-WGUS84-FLSFWD,Darrah,2026
FWD,2026-07-05 21:33,2026-07-05 22:45,2026-07-05 21:33,202607052245,SV,C,W,231,EXP,TXC503,2411.92529296875,2026-07-05 22:45,,,,,False,,,,,,,202607052133-KFWD-WUUS54-SVRFWD,Stalley,2026
FWD,2026-07-05 21:33,2026-07-05 22:05,2026-07-05 21:33,202607052245,SV,C,W,231,CAN,TXC237,2384.289794921875,2026-07-05 22:05,,,,,False,,,,,,,202607052133-KFWD-WUUS54-SVRFWD,Stalley,2026
FWD,2026-07-05 21:58,2026-07-05 22:18,2026-07-05 21:58,202607052300,SV,C,W,232,CAN,TXC379,670.7362060546875,2026-07-05 22:18,,,,,False,,,,,,,202607052158-KFWD-WUUS54-SVRFWD,Stalley,2026
FWD,2026-07-05 21:58,2026-07-05 22:18,2026-07-05 21:58,202607052300,SV,C,W,232,CAN,TXC467,2227.31298828125,2026-07-05 22:18,,,,,False,,,,,,,202607052158-KFWD-WUUS54-SVRFWD,Stalley,2026
FWD,2026-07-05 19:39,2026-07-05 22:31,2026-07-05 19:39,202607060300,SV,C,A,463,CAN,TXC113,2354.464599609375,2026-07-05 22:31,,,,,False,,,,,,,202607051939-KFWD-WWUS64-WCNFWD,,2026
FWD,2026-07-05 19:39,2026-07-05 22:31,2026-07-05 19:39,202607060300,SV,C,A,463,CAN,TXC121,2481.98583984375,2026-07-05 22:31,,,,,False,,,,,,,202607051939-KFWD-WWUS64-WCNFWD,,2026
FWD,2026-07-05 19:39,2026-07-05 22:31,2026-07-05 19:39,202607060300,SV,C,A,463,CAN,TXC231,2285.79638671875,2026-07-05 22:31,,,,,False,,,,,,,202607051939-KFWD-WWUS64-WCNFWD,,2026
FWD,2026-07-05 19:39,2026-07-05 22:31,2026-07-05 19:39,202607060300,SV,C,A,463,CAN,TXC257,2091.041015625,2026-07-05 22:31,,,,,False,,,,,,,202607051939-KFWD-WWUS64-WCNFWD,,2026
FWD,2026-07-05 19:39,2026-07-05 22:31,2026-07-05 19:39,202607060300,SV,C,A,463,CAN,TXC337,2431.44677734375,2026-07-05 22:31,,,,,False,,,,,,,202607051939-KFWD-WWUS64-WCNFWD,,2026
FWD,2026-07-05 19:39,2026-07-05 22:31,2026-07-05 19:39,202607060300,SV,C,A,463,CAN,TXC379,670.7362060546875,2026-07-05 22:31,,,,,False,,,,,,,202607051939-KFWD-WWUS64-WCNFWD,,2026
FWD,2026-07-05 19:39,2026-07-05 22:31,2026-07-05 19:39,202607060300,SV,C,A,463,CAN,TXC397,385.27215576171875,2026-07-05 22:31,,,,,False,,,,,,,202607051939-KFWD-WWUS64-WCNFWD,,2026
FWD,2026-07-05 19:39,2026-07-05 22:31,2026-07-05 19:39,202607060300,SV,C,A,463,CAN,TXC467,2227.31298828125,2026-07-05 22:31,,,,,False,,,,,,,202607051939-KFWD-WWUS64-WCNFWD,,2026
FWD,2026-07-05 19:39,2026-07-05 23:57,2026-07-05 19:39,202607060300,SV,C,A,463,CAN,TXC217,2554.8603515625,2026-07-05 23:57,,,,,False,,,,,,,202607051939-KFWD-WWUS64-WCNFWD,,2026
FWD,2026-07-05 22:17,2026-07-05 23:15,2026-07-05 22:17,202607052315,SV,C,W,233,CON,TXC429,2388.110107421875,2026-07-05 23:03,,,,,False,,,,,,,202607052217-KFWD-WUUS54-SVRFWD,Stalley,2026
FWD,2026-07-05 22:17,2026-07-05 23:15,2026-07-05 22:17,202607052315,SV,C,W,233,CON,TXC503,2411.92529296875,2026-07-05 23:03,,,,,False,,,,,,,202607052217-KFWD-WUUS54-SVRFWD,Stalley,2026
FWD,2026-07-05 23:12,2026-07-06 00:30,2026-07-05 23:12,202607060030,SV,C,W,234,EXP,TXC429,2388.110107421875,2026-07-06 00:29,,,,,False,,,,,,,202607052312-KFWD-WUUS54-SVRFWD,Stalley,2026
FWD,2026-07-05 23:12,2026-07-05 23:46,2026-07-05 23:12,202607060030,SV,C,W,234,CAN,TXC503,2411.92529296875,2026-07-05 23:46,,,,,False,,,,,,,202607052312-KFWD-WUUS54-SVRFWD,Stalley,2026
FWD,2026-07-05 19:39,2026-07-05 23:57,2026-07-05 19:39,202607060300,SV,C,A,463,CAN,TXC001,2793.626953125,2026-07-05 23:57,,,,,False,,,,,,,202607051939-KFWD-WWUS64-WCNFWD,,2026
FWD,2026-07-05 19:39,2026-07-05 23:57,2026-07-05 19:39,202607060300,SV,C,A,463,CAN,TXC035,2598.81591796875,2026-07-05 23:57,,,,,False,,,,,,,202607051939-KFWD-WWUS64-WCNFWD,,2026
FWD,2026-07-05 19:39,2026-07-05 23:57,2026-07-05 19:39,202607060300,SV,C,A,463,CAN,TXC139,2466.30029296875,2026-07-05 23:57,,,,,False,,,,,,,202607051939-KFWD-WWUS64-WCNFWD,,2026
FWD,2026-07-05 19:39,2026-07-05 23:57,2026-07-05 19:39,202607060300,SV,C,A,463,CAN,TXC161,2312.48291015625,2026-07-05 23:57,,,,,False,,,,,,,202607051939-KFWD-WWUS64-WCNFWD,,2026
FWD,2026-07-05 19:39,2026-07-05 23:57,2026-07-05 19:39,202607060300,SV,C,A,463,CAN,TXC213,2459.52685546875,2026-07-05 23:57,,,,,False,,,,,,,202607051939-KFWD-WWUS64-WCNFWD,,2026
FWD,2026-07-05 19:39,2026-07-05 23:57,2026-07-05 19:39,202607060300,SV,C,A,463,CAN,TXC221,1131.8604736328125,2026-07-05 23:57,,,,,False,,,,,,,202607051939-KFWD-WWUS64-WCNFWD,,2026
FWD,2026-07-05 19:39,2026-07-05 23:57,2026-07-05 19:39,202607060300,SV,C,A,463,CAN,TXC237,2384.289794921875,2026-07-05 23:57,,,,,False,,,,,,,202607051939-KFWD-WWUS64-WCNFWD,,2026
FWD,2026-07-05 19:39,2026-07-05 23:57,2026-07-05 19:39,202607060300,SV,C,A,463,CAN,TXC251,1903.355712890625,2026-07-05 23:57,,,,,False,,,,,,,202607051939-KFWD-WWUS64-WCNFWD,,2026
FWD,2026-07-05 19:39,2026-07-05 23:57,2026-07-05 19:39,202607060300,SV,C,A,463,CAN,TXC293,2418.9755859375,2026-07-05 23:57,,,,,False,,,,,,,202607051939-KFWD-WWUS64-WCNFWD,,2026
FWD,2026-07-05 19:39,2026-07-05 23:57,2026-07-05 19:39,202607060300,SV,C,A,463,CAN,TXC309,2748.083740234375,2026-07-05 23:57,,,,,False,,,,,,,202607051939-KFWD-WWUS64-WCNFWD,,2026
FWD,2026-07-05 19:39,2026-07-05 23:57,2026-07-05 19:39,202607060300,SV,C,A,463,CAN,TXC349,2815.175537109375,2026-07-05 23:57,,,,,False,,,,,,,202607051939-KFWD-WWUS64-WCNFWD,,2026
FWD,2026-07-05 19:39,2026-07-05 23:57,2026-07-05 19:39,202607060300,SV,C,A,463,CAN,TXC367,2358.543212890625,2026-07-05 23:57,,,,,False,,,,,,,202607051939-KFWD-WWUS64-WCNFWD,,2026
FWD,2026-07-05 19:39,2026-07-05 23:57,2026-07-05 19:39,202607060300,SV,C,A,463,CAN,TXC425,497.27447509765625,2026-07-05 23:57,,,,,False,,,,,,,202607051939-KFWD-WWUS64-WCNFWD,,2026
FWD,2026-07-05 19:39,2026-07-05 23:57,2026-07-05 19:39,202607060300,SV,C,A,463,CAN,TXC439,2325.8603515625,2026-07-05 23:57,,,,,False,,,,,,,202607051939-KFWD-WWUS64-WCNFWD,,2026
FWD,2026-07-05 19:39,2026-07-05 23:57,2026-07-05 19:39,202607060300,SV,C,A,463,CAN,TXC497,2391.205078125,2026-07-05 23:57,,,,,False,,,,,,,202607051939-KFWD-WWUS64-WCNFWD,,2026
FWD,2026-07-05 19:39,2026-07-06 03:00,2026-07-05 19:39,202607060300,SV,C,A,463,EXP,TXC093,2456.103271484375,2026-07-06 02:46,,,,,False,,,,,,,202607051939-KFWD-WWUS64-WCNFWD,,2026
FWD,2026-07-05 19:39,2026-07-06 01:41,2026-07-05 19:39,202607060300,SV,C,A,463,CAN,TXC363,2553.9892578125,2026-07-06 01:41,,,,,False,,,,,,,202607051939-KFWD-WWUS64-WCNFWD,,2026
FWD,2026-07-05 19:39,2026-07-06 01:41,2026-07-05 19:39,202607060300,SV,C,A,463,CAN,TXC429,2388.110107421875,2026-07-06 01:41,,,,,False,,,,,,,202607051939-KFWD-WWUS64-WCNFWD,,2026
FWD,2026-07-05 19:39,2026-07-06 01:41,2026-07-05 19:39,202607060300,SV,C,A,463,CAN,TXC503,2411.92529296875,2026-07-06 01:41,,,,,False,,,,,,,202607051939-KFWD-WWUS64-WCNFWD,,2026
FWD,2026-07-06 00:09,2026-07-06 00:39,2026-07-06 00:09,202607060115,SV,C,W,235,CAN,TXC429,2388.110107421875,2026-07-06 00:39,,,,,False,,,,,,,202607060009-KFWD-WUUS54-SVRFWD,Stalley,2026
FWD,2026-07-06 00:09,2026-07-06 01:15,2026-07-06 00:09,202607060115,SV,C,W,235,EXP,TXC133,2415.1904296875,2026-07-06 01:11,,,,,False,,,,,,,202607060009-KFWD-WUUS54-SVRFWD,Stalley,2026
FWD,2026-07-05 19:39,2026-07-06 03:00,2026-07-05 19:39,202607060300,SV,C,A,463,EXP,TXC133,2415.1904296875,2026-07-06 02:46,,,,,False,,,,,,,202607051939-KFWD-WWUS64-WCNFWD,,2026
FWD,2026-07-05 19:39,2026-07-06 03:00,2026-07-05 19:39,202607060300,SV,C,A,463,EXP,TXC143,2824.395263671875,2026-07-06 02:46,,,,,False,,,,,,,202607051939-KFWD-WWUS64-WCNFWD,,2026
FWD,2026-07-05 19:39,2026-07-06 03:00,2026-07-05 19:39,202607060300,SV,C,A,463,EXP,TXC193,2168.113037109375,2026-07-06 02:46,,,,,False,,,,,,,202607051939-KFWD-WWUS64-WCNFWD,,2026
FWD,2026-07-16 06:30,2026-07-16 13:00,2026-07-16 06:30,202607160930,FA,C,Y,114,EXT,TXC133,2415.1904296875,2026-07-16 10:30,00000,N,ER,OO,False,,,,,,,202607160630-KFWD-WGUS84-FLSFWD,Darrah,2026
FWD,2026-07-21 05:38,2026-07-22 01:00,2026-07-21 05:38,202607220100,HT,C,Y,4,CON,TXZ115,2388.110107421875,2026-07-21 18:00,,,,,False,,,,,,,202607210538-KFWD-WWUS74-NPWFWD,Prater,2026
FWD,2026-07-21 05:38,2026-07-22 01:00,2026-07-21 05:38,202607220100,HT,C,Y,4,CON,TXZ130,2824.395263671875,2026-07-21 18:00,,,,,False,,,,,,,202607210538-KFWD-WWUS74-NPWFWD,Prater,2026
FWD,2026-07-21 05:38,2026-07-22 01:00,2026-07-21 05:38,202607220100,HT,C,Y,4,CON,TXZ143,2168.113037109375,2026-07-21 18:00,,,,,False,,,,,,,202607210538-KFWD-WWUS74-NPWFWD,Prater,2026
FWD,2026-07-21 05:38,2026-07-22 01:00,2026-07-21 05:38,202607220100,HT,C,Y,4,CON,TXZ157,2739.294677734375,2026-07-21 18:00,,,,,False,,,,,,,202607210538-KFWD-WWUS74-NPWFWD,Prater,2026
FWD,2026-07-20 17:00,2026-07-22 01:00,2026-07-20 04:05,202607210100,HT,C,Y,4,CON,TXZ102,2391.205078125,2026-07-21 18:00,,,,,False,,,,,,,202607200405-KFWD-WWUS74-NPWFWD,Langfeld,2026
FWD,2026-07-20 17:00,2026-07-22 01:00,2026-07-20 04:05,202607210100,HT,C,Y,4,CON,TXZ116,2553.9892578125,2026-07-21 18:00,,,,,False,,,,,,,202607200405-KFWD-WWUS74-NPWFWD,Langfeld,2026
FWD,2026-07-20 17:00,2026-07-22 01:00,2026-07-20 04:05,202607210100,HT,C,Y,4,CON,TXZ117,2358.543212890625,2026-07-21 18:00,,,,,False,,,,,,,202607200405-KFWD-WWUS74-NPWFWD,Langfeld,2026
FWD,2026-07-20 17:00,2026-07-22 01:00,2026-07-20 04:05,202607210100,HT,C,Y,4,CON,TXZ131,1131.8604736328125,2026-07-21 18:00,,,,,False,,,,,,,202607200405-KFWD-WWUS74-NPWFWD,Langfeld,2026
FWD,2026-07-20 17:00,2026-07-22 01:00,2026-07-20 04:05,202607210100,HT,C,Y,4,CON,TXZ132,497.27447509765625,2026-07-21 18:00,,,,,False,,,,,,,202607200405-KFWD-WWUS74-NPWFWD,Langfeld,2026
FWD,2026-07-20 17:00,2026-07-22 01:00,2026-07-20 04:05,202607210100,HT,C,Y,4,CON,TXZ133,1903.355712890625,2026-07-21 18:00,,,,,False,,,,,,,202607200405-KFWD-WWUS74-NPWFWD,Langfeld,2026
FWD,2026-07-20 17:00,2026-07-22 01:00,2026-07-20 04:05,202607210100,HT,C,Y,4,CON,TXZ134,2466.30029296875,2026-07-21 18:00,,,,,False,,,,,,,202607200405-KFWD-WWUS74-NPWFWD,Langfeld,2026
FWD,2026-07-20 17:00,2026-07-22 01:00,2026-07-20 04:05,202607210100,HT,C,Y,4,CON,TXZ135,2459.52685546875,2026-07-21 18:00,,,,,False,,,,,,,202607200405-KFWD-WWUS74-NPWFWD,Langfeld,2026
FWD,2026-07-21 17:00,2026-07-23 01:00,2026-07-21 05:38,202607220100,XH,C,W,1,CON,TXZ122,2227.31298828125,2026-07-22 16:48,,,,,False,,,,,,,202607210538-KFWD-WWUS74-NPWFWD,Prater,2026
FWD,2026-07-21 17:00,2026-07-22 01:00,2026-07-21 05:38,202607220100,XH,C,W,1,CON,TXZ094,2329.727294921875,2026-07-21 18:00,,,,,False,,,,,,,202607210538-KFWD-WWUS74-NPWFWD,Prater,2026
FWD,2026-07-21 17:00,2026-07-22 01:00,2026-07-21 05:38,202607220100,XH,C,W,1,CON,TXZ095,2415.989013671875,2026-07-21 18:00,,,,,False,,,,,,,202607210538-KFWD-WWUS74-NPWFWD,Prater,2026
FWD,2026-07-21 17:00,2026-07-22 01:00,2026-07-21 05:38,202607220100,XH,C,W,1,CON,TXZ106,719.8109741210938,2026-07-21 18:00,,,,,False,,,,,,,202607210538-KFWD-WWUS74-NPWFWD,Prater,2026
FWD,2026-07-14 17:47,2026-07-14 21:45,2026-07-14 17:47,202607142045,FF,C,W,80,EXP,TXC099,2739.294677734375,2026-07-14 21:40,00000,0,ER,OO,False,,,,,,,202607141747-KFWD-WGUS54-FFWFWD,Schroeder,2026
FWD,2026-07-21 05:38,2026-07-24 01:00,2026-07-21 05:38,202607220100,HT,C,Y,4,CON,TXZ156,1850.7310791015625,2026-07-23 18:06,,,,,False,,,,,,,202607210538-KFWD-WWUS74-NPWFWD,Prater,2026
FWD,2026-07-20 17:00,2026-07-21 05:38,2026-07-20 04:05,202607210100,HT,C,Y,4,UPG,TXZ103,2481.98583984375,2026-07-21 05:38,,,,,False,,,,,,,202607200405-KFWD-WWUS74-NPWFWD,Langfeld,2026
FWD,2026-07-07 00:45,2026-07-07 01:30,2026-07-07 00:45,202607070130,SV,C,W,237,EXP,TXC113,2354.464599609375,2026-07-07 01:22,,,,,False,,,,,,,202607070045-KFWD-WUUS54-SVRFWD,Stalley,2026
FWD,2026-07-07 00:42,2026-07-07 01:19,2026-07-07 00:42,202607070130,SV,C,W,236,CAN,TXC223,2054.214111328125,2026-07-07 01:19,,,,,False,,,,,,,202607070042-KFWD-WUUS54-SVRFWD,Stalley,2026
FWD,2026-07-14 17:24,2026-07-14 19:30,2026-07-14 17:24,202607141930,FA,C,Y,111,EXP,TXC027,2820.4619140625,2026-07-14 19:31,00000,N,ER,OO,False,,,,,,,202607141724-KFWD-WGUS84-FLSFWD,Schroeder,2026
FWD,2026-07-07 00:45,2026-07-07 01:30,2026-07-07 00:45,202607070130,SV,C,W,237,EXP,TXC121,2481.98583984375,2026-07-07 01:22,,,,,False,,,,,,,202607070045-KFWD-WUUS54-SVRFWD,Stalley,2026
FWD,2026-07-07 00:45,2026-07-07 01:30,2026-07-07 00:45,202607070130,SV,C,W,237,EXP,TXC439,2325.8603515625,2026-07-07 01:22,,,,,False,,,,,,,202607070045-KFWD-WUUS54-SVRFWD,Stalley,2026
FWD,2026-07-07 01:55,2026-07-07 02:45,2026-07-07 01:55,202607070245,SV,C,W,239,EXP,TXC379,670.7362060546875,2026-07-07 02:38,,,,,False,,,,,,,202607070155-KFWD-WUUS54-SVRFWD,Stalley,2026
FWD,2026-07-07 01:47,2026-07-07 02:09,2026-07-07 01:47,202607070230,SV,C,W,238,CAN,TXC367,2358.543212890625,2026-07-07 02:09,,,,,False,,,,,,,202607070147-KFWD-WUUS54-SVRFWD,Stalley,2026
FWD,2026-07-20 17:00,2026-07-21 05:38,2026-07-20 04:05,202607210100,HT,C,Y,4,UPG,TXZ104,2295.47705078125,2026-07-21 05:38,,,,,False,,,,,,,202607200405-KFWD-WWUS74-NPWFWD,Langfeld,2026
FWD,2026-07-07 02:25,2026-07-07 03:15,2026-07-07 02:25,202607070315,SV,C,W,240,EXP,TXC231,2285.79638671875,2026-07-07 03:08,,,,,False,,,,,,,202607070225-KFWD-WUUS54-SVRFWD,Stalley,2026
FWD,2026-07-14 18:03,2026-07-14 20:30,2026-07-14 18:03,202607142030,FF,C,W,81,EXP,TXC027,2820.4619140625,2026-07-14 20:25,00000,0,ER,OO,False,,,,,,,202607141803-KFWD-WGUS54-FFWFWD,Schroeder,2026
FWD,2026-07-14 18:03,2026-07-14 20:30,2026-07-14 18:03,202607142030,FF,C,W,81,EXP,TXC331,2648.720458984375,2026-07-14 20:25,00000,0,ER,OO,False,,,,,,,202607141803-KFWD-WGUS54-FFWFWD,Schroeder,2026
FWD,2026-07-07 07:13,2026-07-07 09:15,2026-07-07 07:13,202607070915,FF,C,W,68,NEW,TXC119,719.8109741210938,2026-07-07 07:13,00000,0,ER,OO,False,,,,,,,202607070713-KFWD-WGUS54-FFWFWD,Dunn,2026
FWD,2026-07-07 07:13,2026-07-07 09:15,2026-07-07 07:13,202607070915,FF,C,W,68,NEW,TXC277,2415.989013671875,2026-07-07 07:13,00000,0,ER,OO,False,,,,,,,202607070713-KFWD-WGUS54-FFWFWD,Dunn,2026
FWD,2026-07-14 15:36,2026-07-14 21:00,2026-07-14 15:36,202607141830,FF,C,W,78,EXP,TXC331,2648.720458984375,2026-07-14 20:55,00000,0,ER,OO,False,,,,,,,202607141536-KFWD-WGUS54-FFWFWD,Schroeder,2026
FWD,2026-07-07 19:54,2026-07-07 23:00,2026-07-07 19:54,202607072300,FF,C,W,69,EXP,TXC213,2459.52685546875,2026-07-07 22:53,00000,0,ER,OO,False,,,,,,,202607071954-KFWD-WGUS54-FFWFWD,30,2026
FWD,2026-07-07 19:54,2026-07-07 23:00,2026-07-07 19:54,202607072300,FF,C,W,69,EXP,TXC467,2227.31298828125,2026-07-07 22:53,00000,0,ER,OO,False,,,,,,,202607071954-KFWD-WGUS54-FFWFWD,30,2026
FWD,2026-07-14 17:47,2026-07-14 21:45,2026-07-14 17:47,202607142045,FF,C,W,80,EXP,TXC027,2820.4619140625,2026-07-14 21:40,00000,0,ER,OO,False,,,,,,,202607141747-KFWD-WGUS54-FFWFWD,Schroeder,2026
FWD,2026-07-20 17:00,2026-07-21 05:38,2026-07-20 04:05,202607210100,HT,C,Y,4,UPG,TXZ105,2285.79638671875,2026-07-21 05:38,,,,,False,,,,,,,202607200405-KFWD-WWUS74-NPWFWD,Langfeld,2026
FWD,2026-07-07 22:42,2026-07-07 23:30,2026-07-07 22:42,202607072330,SV,C,W,241,NEW,TXC217,2554.8603515625,2026-07-07 22:42,,,,,False,,,,,,,202607072242-KFWD-WUUS54-SVRFWD,30,2026
FWD,2026-07-20 17:00,2026-07-21 05:38,2026-07-20 04:05,202607210100,HT,C,Y,4,UPG,TXZ106,719.8109741210938,2026-07-21 05:38,,,,,False,,,,,,,202607200405-KFWD-WWUS74-NPWFWD,Langfeld,2026
FWD,2026-07-08 11:40,2026-07-08 13:15,2026-07-08 11:40,202607081315,FA,C,Y,95,NEW,TXC223,2054.214111328125,2026-07-08 11:40,00000,N,ER,OO,False,,,,,,,202607081140-KFWD-WGUS84-FLSFWD,Dunn,2026
FWD,2026-07-08 12:49,2026-07-08 15:00,2026-07-08 12:49,202607081500,FF,C,W,70,EXP,TXC223,2054.214111328125,2026-07-08 15:06,00000,0,ER,OO,False,,,,,,,202607081249-KFWD-WGUS54-FFWFWD,Bonnette,2026
FWD,2026-07-13 18:00,2026-07-15 00:00,2026-07-13 17:01,202607150000,FA,C,A,5,EXP,TXZ159,2748.083740234375,2026-07-14 23:45,00000,0,ER,OO,False,,,,,,,202607131701-KFWD-WGUS64-FFAFWD,Bealo,2026
FWD,2026-07-13 18:00,2026-07-15 00:00,2026-07-13 17:01,202607150000,FA,C,A,5,EXP,TXZ160,2005.983642578125,2026-07-14 23:45,00000,0,ER,OO,False,,,,,,,202607131701-KFWD-WGUS64-FFAFWD,Bealo,2026
FWD,2026-07-13 18:00,2026-07-15 00:00,2026-07-13 17:01,202607150000,FA,C,A,5,EXP,TXZ174,2648.720458984375,2026-07-14 23:45,00000,0,ER,OO,False,,,,,,,202607131701-KFWD-WGUS64-FFAFWD,Bealo,2026
FWD,2026-07-13 18:00,2026-07-15 00:00,2026-07-13 17:01,202607150000,FA,C,A,5,EXP,TXZ175,2244.22119140625,2026-07-14 23:45,00000,0,ER,OO,False,,,,,,,202607131701-KFWD-WGUS64-FFAFWD,Bealo,2026
FWD,2026-07-20 17:00,2026-07-21 05:38,2026-07-20 04:05,202607210100,HT,C,Y,4,UPG,TXZ107,2054.214111328125,2026-07-21 05:38,,,,,False,,,,,,,202607200405-KFWD-WWUS74-NPWFWD,Langfeld,2026
FWD,2026-07-15 11:53,2026-07-15 14:00,2026-07-15 11:53,202607151400,FA,C,Y,112,NEW,TXC027,2820.4619140625,2026-07-15 11:53,00000,N,ER,OO,False,,,,,,,202607151153-KFWD-WGUS84-FLSFWD,Stalley,2026
FWD,2026-07-15 11:53,2026-07-15 14:00,2026-07-15 11:53,202607151400,FA,C,Y,112,NEW,TXC099,2739.294677734375,2026-07-15 11:53,00000,N,ER,OO,False,,,,,,,202607151153-KFWD-WGUS84-FLSFWD,Stalley,2026
FWD,2026-07-15 11:53,2026-07-15 14:00,2026-07-15 11:53,202607151400,FA,C,Y,112,NEW,TXC281,1850.7310791015625,2026-07-15 11:53,00000,N,ER,OO,False,,,,,,,202607151153-KFWD-WGUS84-FLSFWD,Stalley,2026
FWD,2026-07-20 17:00,2026-07-21 05:38,2026-07-20 04:05,202607210100,HT,C,Y,4,UPG,TXZ118,2325.8603515625,2026-07-21 05:38,,,,,False,,,,,,,202607200405-KFWD-WWUS74-NPWFWD,Langfeld,2026
FWD,2026-07-15 16:41,2026-07-15 19:45,2026-07-15 16:41,202607151945,FA,C,Y,113,NEW,TXC027,2820.4619140625,2026-07-15 16:41,00000,N,ER,OO,False,,,,,,,202607151641-KFWD-WGUS84-FLSFWD,Sanchez,2026
FWD,2026-07-15 16:41,2026-07-15 19:45,2026-07-15 16:41,202607151945,FA,C,Y,113,NEW,TXC099,2739.294677734375,2026-07-15 16:41,00000,N,ER,OO,False,,,,,,,202607151641-KFWD-WGUS84-FLSFWD,Sanchez,2026
FWD,2026-07-15 16:41,2026-07-15 19:45,2026-07-15 16:41,202607151945,FA,C,Y,113,NEW,TXC281,1850.7310791015625,2026-07-15 16:41,00000,N,ER,OO,False,,,,,,,202607151641-KFWD-WGUS84-FLSFWD,Sanchez,2026
FWD,2026-07-20 17:00,2026-07-21 05:38,2026-07-20 04:05,202607210100,HT,C,Y,4,UPG,TXZ119,2354.464599609375,2026-07-21 05:38,,,,,False,,,,,,,202607200405-KFWD-WWUS74-NPWFWD,Langfeld,2026
FWD,2026-07-20 17:00,2026-07-21 05:38,2026-07-20 04:05,202607210100,HT,C,Y,4,UPG,TXZ120,385.27215576171875,2026-07-21 05:38,,,,,False,,,,,,,202607200405-KFWD-WWUS74-NPWFWD,Langfeld,2026
FWD,2026-07-20 17:00,2026-07-21 05:38,2026-07-20 04:05,202607210100,HT,C,Y,4,UPG,TXZ121,2091.041015625,2026-07-21 05:38,,,,,False,,,,,,,202607200405-KFWD-WWUS74-NPWFWD,Langfeld,2026
FWD,2026-07-20 17:00,2026-07-21 05:38,2026-07-20 04:05,202607210100,HT,C,Y,4,UPG,TXZ122,2227.31298828125,2026-07-21 05:38,,,,,False,,,,,,,202607200405-KFWD-WWUS74-NPWFWD,Langfeld,2026
FWD,2026-07-20 17:00,2026-07-21 05:38,2026-07-20 04:05,202607210100,HT,C,Y,4,UPG,TXZ123,670.7362060546875,2026-07-21 05:38,,,,,False,,,,,,,202607200405-KFWD-WWUS74-NPWFWD,Langfeld,2026
FWD,2026-07-21 17:00,2026-07-23 01:00,2026-07-21 05:38,202607220100,XH,C,W,1,CON,TXZ118,2325.8603515625,2026-07-22 16:48,,,,,False,,,,,,,202607210538-KFWD-WWUS74-NPWFWD,Prater,2026
FWD,2026-07-21 05:38,2026-07-22 01:00,2026-07-21 05:38,202607220100,HT,C,Y,4,CON,TXZ100,2411.92529296875,2026-07-21 18:00,,,,,False,,,,,,,202607210538-KFWD-WWUS74-NPWFWD,Prater,2026
FWD,2026-07-17 10:45,2026-07-17 13:45,2026-07-17 10:45,202607171345,FA,C,Y,116,NEW,TXC429,2388.110107421875,2026-07-17 10:45,00000,N,ER,OO,False,,,,,,,202607171045-KFWD-WGUS84-FLSFWD,Langfeld,2026
FWD,2026-07-17 10:45,2026-07-17 13:45,2026-07-17 10:45,202607171345,FA,C,Y,116,NEW,TXC503,2411.92529296875,2026-07-17 10:45,00000,N,ER,OO,False,,,,,,,202607171045-KFWD-WGUS84-FLSFWD,Langfeld,2026
FWD,2026-07-17 12:19,2026-07-17 14:15,2026-07-17 12:19,202607171415,FA,C,Y,117,NEW,TXC237,2384.289794921875,2026-07-17 12:19,00000,N,ER,OO,False,,,,,,,202607171219-KFWD-WGUS84-FLSFWD,Schroeder,2026
FWD,2026-07-12 23:04,2026-07-13 02:00,2026-07-12 23:04,202607130200,FF,C,W,71,NEW,TXC119,719.8109741210938,2026-07-12 23:04,00000,0,ER,OO,False,,,,,,,202607122304-KFWD-WGUS54-FFWFWD,AEC,2026
FWD,2026-07-12 23:04,2026-07-13 02:00,2026-07-12 23:04,202607130200,FF,C,W,71,NEW,TXC223,2054.214111328125,2026-07-12 23:04,00000,0,ER,OO,False,,,,,,,202607122304-KFWD-WGUS54-FFWFWD,AEC,2026
FWD,2026-07-12 23:04,2026-07-13 02:00,2026-07-12 23:04,202607130200,FF,C,W,71,NEW,TXC231,2285.79638671875,2026-07-12 23:04,00000,0,ER,OO,False,,,,,,,202607122304-KFWD-WGUS54-FFWFWD,AEC,2026
FWD,2026-07-13 00:56,2026-07-13 04:00,2026-07-13 00:56,202607130400,FA,C,Y,96,NEW,TXC113,2354.464599609375,2026-07-13 00:56,00000,N,ER,OO,False,,,,,,,202607130056-KFWD-WGUS84-FLSFWD,AEC,2026
FWD,2026-07-13 00:56,2026-07-13 04:00,2026-07-13 00:56,202607130400,FA,C,Y,96,NEW,TXC257,2091.041015625,2026-07-13 00:56,00000,N,ER,OO,False,,,,,,,202607130056-KFWD-WGUS84-FLSFWD,AEC,2026
FWD,2026-07-13 00:56,2026-07-13 04:00,2026-07-13 00:56,202607130400,FA,C,Y,96,NEW,TXC397,385.27215576171875,2026-07-13 00:56,00000,N,ER,OO,False,,,,,,,202607130056-KFWD-WGUS84-FLSFWD,AEC,2026
FWD,2026-07-13 02:44,2026-07-13 05:30,2026-07-13 02:44,202607130530,FA,C,Y,97,NEW,TXC139,2466.30029296875,2026-07-13 02:44,00000,N,ER,OO,False,,,,,,,202607130244-KFWD-WGUS84-FLSFWD,Shamburger,2026
FWD,2026-07-13 02:44,2026-07-13 05:30,2026-07-13 02:44,202607130530,FA,C,Y,97,NEW,TXC217,2554.8603515625,2026-07-13 02:44,00000,N,ER,OO,False,,,,,,,202607130244-KFWD-WGUS84-FLSFWD,Shamburger,2026
FWD,2026-07-13 02:44,2026-07-13 05:30,2026-07-13 02:44,202607130530,FA,C,Y,97,NEW,TXC251,1903.355712890625,2026-07-13 02:44,00000,N,ER,OO,False,,,,,,,202607130244-KFWD-WGUS84-FLSFWD,Shamburger,2026
FWD,2026-07-13 02:44,2026-07-13 05:30,2026-07-13 02:44,202607130530,FA,C,Y,97,NEW,TXC349,2815.175537109375,2026-07-13 02:44,00000,N,ER,OO,False,,,,,,,202607130244-KFWD-WGUS84-FLSFWD,Shamburger,2026
FWD,2026-07-13 03:09,2026-07-13 06:15,2026-07-13 03:09,202607130615,FF,C,W,72,EXP,TXC035,2598.81591796875,2026-07-13 06:13,00000,0,ER,OO,False,,,,,,,202607130309-KFWD-WGUS54-FFWFWD,Shamburger,2026
FWD,2026-07-13 03:09,2026-07-13 06:15,2026-07-13 03:09,202607130615,FF,C,W,72,EXP,TXC217,2554.8603515625,2026-07-13 06:13,00000,0,ER,OO,False,,,,,,,202607130309-KFWD-WGUS54-FFWFWD,Shamburger,2026
FWD,2026-07-13 04:10,2026-07-13 07:15,2026-07-13 04:10,202607130715,FA,C,Y,98,NEW,TXC035,2598.81591796875,2026-07-13 04:10,00000,N,ER,OO,False,,,,,,,202607130410-KFWD-WGUS84-FLSFWD,Gordon,2026
FWD,2026-07-13 04:10,2026-07-13 07:15,2026-07-13 04:10,202607130715,FA,C,Y,98,NEW,TXC217,2554.8603515625,2026-07-13 04:10,00000,N,ER,OO,False,,,,,,,202607130410-KFWD-WGUS84-FLSFWD,Gordon,2026
FWD,2026-07-13 05:33,2026-07-13 07:30,2026-07-13 05:33,202607130730,FA,C,Y,99,NEW,TXC093,2456.103271484375,2026-07-13 05:33,00000,N,ER,OO,False,,,,,,,202607130533-KFWD-WGUS84-FLSFWD,Gordon,2026
FWD,2026-07-13 06:52,2026-07-13 12:00,2026-07-13 06:52,202607131000,FA,C,Y,100,EXT,TXC085,2295.47705078125,2026-07-13 09:52,00000,N,ER,OO,False,,,,,,,202607130652-KFWD-WGUS84-FLSFWD,Stalley,2026
FWD,2026-07-13 06:52,2026-07-13 12:00,2026-07-13 06:52,202607131000,FA,C,Y,100,EXT,TXC121,2481.98583984375,2026-07-13 09:52,00000,N,ER,OO,False,,,,,,,202607130652-KFWD-WGUS84-FLSFWD,Stalley,2026
FWD,2026-07-13 07:52,2026-07-13 11:00,2026-07-13 07:52,202607131100,FA,C,Y,101,NEW,TXC093,2456.103271484375,2026-07-13 07:52,00000,N,ER,OO,False,,,,,,,202607130752-KFWD-WGUS84-FLSFWD,Stalley,2026
FWD,2026-07-13 07:52,2026-07-13 11:00,2026-07-13 07:52,202607131100,FA,C,Y,101,NEW,TXC193,2168.113037109375,2026-07-13 07:52,00000,N,ER,OO,False,,,,,,,202607130752-KFWD-WGUS84-FLSFWD,Stalley,2026
FWD,2026-07-13 07:52,2026-07-13 11:00,2026-07-13 07:52,202607131100,FA,C,Y,101,NEW,TXC333,1943.57666015625,2026-07-13 07:52,00000,N,ER,OO,False,,,,,,,202607130752-KFWD-WGUS84-FLSFWD,Stalley,2026
FWD,2026-07-13 07:59,2026-07-13 11:00,2026-07-13 07:59,202607131100,FF,C,W,73,EXP,TXC113,2354.464599609375,2026-07-13 11:00,00000,0,ER,OO,False,,,,,,,202607130759-KFWD-WGUS54-FFWFWD,Stalley,2026
FWD,2026-07-13 08:33,2026-07-13 11:30,2026-07-13 08:33,202607131130,FA,C,Y,102,NEW,TXC439,2325.8603515625,2026-07-13 08:33,00000,N,ER,OO,False,,,,,,,202607130833-KFWD-WGUS84-FLSFWD,Stalley,2026
FWD,2026-07-13 07:59,2026-07-13 11:00,2026-07-13 07:59,202607131100,FF,C,W,73,EXP,TXC121,2481.98583984375,2026-07-13 11:00,00000,0,ER,OO,False,,,,,,,202607130759-KFWD-WGUS54-FFWFWD,Stalley,2026
FWD,2026-07-13 11:10,2026-07-13 14:15,2026-07-13 11:10,202607131415,FA,C,Y,103,NEW,TXC213,2459.52685546875,2026-07-13 11:10,00000,N,ER,OO,False,,,,,,,202607131110-KFWD-WGUS84-FLSFWD,Gordon,2026
FWD,2026-07-13 11:10,2026-07-13 14:15,2026-07-13 11:10,202607131415,FA,C,Y,103,NEW,TXC349,2815.175537109375,2026-07-13 11:10,00000,N,ER,OO,False,,,,,,,202607131110-KFWD-WGUS84-FLSFWD,Gordon,2026
FWD,2026-07-13 11:10,2026-07-13 14:15,2026-07-13 11:10,202607131415,FA,C,Y,103,NEW,TXC467,2227.31298828125,2026-07-13 11:10,00000,N,ER,OO,False,,,,,,,202607131110-KFWD-WGUS84-FLSFWD,Gordon,2026
FWD,2026-07-13 12:59,2026-07-13 18:00,2026-07-13 12:59,202607131600,FF,C,W,75,EXP,TXC349,2815.175537109375,2026-07-13 17:55,00000,0,ER,OO,False,,,,,,,202607131259-KFWD-WGUS54-FFWFWD,Schroeder,2026
FWD,2026-07-13 13:08,2026-07-13 15:15,2026-07-13 13:08,202607131515,FA,C,Y,104,NEW,TXC217,2554.8603515625,2026-07-13 13:08,00000,N,ER,OO,False,,,,,,,202607131308-KFWD-WGUS84-FLSFWD,Schroeder,2026
FWD,2026-07-13 12:59,2026-07-13 14:46,2026-07-13 12:59,202607131600,FF,C,W,75,CAN,TXC213,2459.52685546875,2026-07-13 14:46,00000,0,ER,OO,False,,,,,,,202607131259-KFWD-WGUS54-FFWFWD,Schroeder,2026
FWD,2026-07-13 10:43,2026-07-13 15:15,2026-07-13 10:43,202607131345,FF,C,W,74,EXP,TXC439,2325.8603515625,2026-07-13 15:11,00000,0,ER,OO,False,,,,,,,202607131043-KFWD-WGUS54-FFWFWD,Gordon,2026
FWD,2026-07-13 16:08,2026-07-13 19:15,2026-07-13 16:08,202607131915,FA,C,Y,105,NEW,TXC221,1131.8604736328125,2026-07-13 16:08,00000,N,ER,OO,False,,,,,,,202607131608-KFWD-WGUS84-FLSFWD,Schroeder,2026
FWD,2026-07-13 16:08,2026-07-13 19:15,2026-07-13 16:08,202607131915,FA,C,Y,105,NEW,TXC251,1903.355712890625,2026-07-13 16:08,00000,N,ER,OO,False,,,,,,,202607131608-KFWD-WGUS84-FLSFWD,Schroeder,2026
FWD,2026-07-13 16:08,2026-07-13 19:15,2026-07-13 16:08,202607131915,FA,C,Y,105,NEW,TXC425,497.27447509765625,2026-07-13 16:08,00000,N,ER,OO,False,,,,,,,202607131608-KFWD-WGUS84-FLSFWD,Schroeder,2026
FWD,2026-07-13 18:00,2026-07-15 00:00,2026-07-13 17:01,202607150000,FA,C,A,5,EXP,TXZ142,1943.57666015625,2026-07-14 23:45,00000,0,ER,OO,False,,,,,,,202607131701-KFWD-WGUS64-FFAFWD,Bealo,2026
FWD,2026-07-13 18:00,2026-07-15 00:00,2026-07-13 17:01,202607150000,FA,C,A,5,EXP,TXZ143,2168.113037109375,2026-07-14 23:45,00000,0,ER,OO,False,,,,,,,202607131701-KFWD-WGUS64-FFAFWD,Bealo,2026
FWD,2026-07-13 18:00,2026-07-15 00:00,2026-07-13 17:01,202607150000,FA,C,A,5,EXP,TXZ156,1850.7310791015625,2026-07-14 23:45,00000,0,ER,OO,False,,,,,,,202607131701-KFWD-WGUS64-FFAFWD,Bealo,2026
FWD,2026-07-13 18:00,2026-07-15 00:00,2026-07-13 17:01,202607150000,FA,C,A,5,EXP,TXZ157,2739.294677734375,2026-07-14 23:45,00000,0,ER,OO,False,,,,,,,202607131701-KFWD-WGUS64-FFAFWD,Bealo,2026
FWD,2026-07-13 18:00,2026-07-15 00:00,2026-07-13 17:01,202607150000,FA,C,A,5,EXP,TXZ158,2820.4619140625,2026-07-14 23:45,00000,0,ER,OO,False,,,,,,,202607131701-KFWD-WGUS64-FFAFWD,Bealo,2026
FWD,2026-07-13 15:34,2026-07-13 18:00,2026-07-13 15:34,202607131800,FF,C,W,76,EXP,TXC093,2456.103271484375,2026-07-13 17:56,00000,0,ER,OO,False,,,,,,,202607131534-KFWD-WGUS54-FFWFWD,Schroeder,2026
FWD,2026-07-13 19:07,2026-07-13 22:00,2026-07-13 19:07,202607132200,FF,C,W,77,EXP,TXC027,2820.4619140625,2026-07-13 21:59,00000,0,ER,OO,False,,,,,,,202607131907-KFWD-WGUS54-FFWFWD,Schroeder,2026
FWD,2026-07-13 18:39,2026-07-13 21:45,2026-07-13 18:39,202607132145,FA,C,Y,106,EXP,TXC027,2820.4619140625,2026-07-13 21:46,00000,N,ER,OO,False,,,,,,,202607131839-KFWD-WGUS84-FLSFWD,Schroeder,2026
FWD,2026-07-13 18:39,2026-07-13 21:45,2026-07-13 18:39,202607132145,FA,C,Y,106,EXP,TXC099,2739.294677734375,2026-07-13 21:46,00000,N,ER,OO,False,,,,,,,202607131839-KFWD-WGUS84-FLSFWD,Schroeder,2026
FWD,2026-07-13 18:39,2026-07-13 21:45,2026-07-13 18:39,202607132145,FA,C,Y,106,EXP,TXC309,2748.083740234375,2026-07-13 21:46,00000,N,ER,OO,False,,,,,,,202607131839-KFWD-WGUS84-FLSFWD,Schroeder,2026
FWD,2026-07-14 00:54,2026-07-14 03:00,2026-07-14 00:54,202607140300,FA,C,Y,107,NEW,TXC133,2415.1904296875,2026-07-14 00:54,00000,N,ER,OO,False,,,,,,,202607140054-KFWD-WGUS84-FLSFWD,AEC,2026
FWD,2026-07-14 00:54,2026-07-14 03:00,2026-07-14 00:54,202607140300,FA,C,Y,107,NEW,TXC143,2824.395263671875,2026-07-14 00:54,00000,N,ER,OO,False,,,,,,,202607140054-KFWD-WGUS84-FLSFWD,AEC,2026
FWD,2026-07-14 02:07,2026-07-14 05:00,2026-07-14 02:07,202607140500,FA,C,Y,108,NEW,TXC121,2481.98583984375,2026-07-14 02:07,00000,N,ER,OO,False,,,,,,,202607140207-KFWD-WGUS84-FLSFWD,Shamburger,2026
FWD,2026-07-14 02:07,2026-07-14 05:00,2026-07-14 02:07,202607140500,FA,C,Y,108,NEW,TXC497,2391.205078125,2026-07-14 02:07,00000,N,ER,OO,False,,,,,,,202607140207-KFWD-WGUS84-FLSFWD,Shamburger,2026
FWD,2026-08-11 18:00,2026-08-12 01:00,2026-08-11 17:23,202608120100,HT,C,Y,23,EXA,TXZ135,2459.52685546875,2026-08-11 17:23,,,,,False,,,,,,,202608111723-KFWD-WWUS74-NPWFWD,,2026
FWD,2026-07-20 17:00,2026-07-22 01:00,2026-07-20 04:05,202607210100,HT,C,Y,4,CON,TXZ144,2598.81591796875,2026-07-21 18:00,,,,,False,,,,,,,202607200405-KFWD-WWUS74-NPWFWD,Langfeld,2026
FWD,2026-07-20 17:00,2026-07-22 01:00,2026-07-20 04:05,202607210100,HT,C,Y,4,CON,TXZ101,2384.284912109375,2026-07-21 18:00,,,,,False,,,,,,,202607200405-KFWD-WWUS74-NPWFWD,Langfeld,2026
FWD,2026-07-20 17:00,2026-07-22 01:00,2026-07-20 04:05,202607210100,HT,C,Y,4,CON,TXZ148,2793.626953125,2026-07-21 18:00,,,,,False,,,,,,,202607200405-KFWD-WWUS74-NPWFWD,Langfeld,2026
FWD,2026-07-20 17:00,2026-07-22 01:00,2026-07-20 04:05,202607210100,HT,C,Y,4,CON,TXZ158,2820.4619140625,2026-07-21 18:00,,,,,False,,,,,,,202607200405-KFWD-WWUS74-NPWFWD,Langfeld,2026
FWD,2026-07-20 17:00,2026-07-22 01:00,2026-07-20 04:05,202607210100,HT,C,Y,4,CON,TXZ159,2748.083740234375,2026-07-21 18:00,,,,,False,,,,,,,202607200405-KFWD-WWUS74-NPWFWD,Langfeld,2026
FWD,2026-07-20 17:00,2026-07-22 01:00,2026-07-20 04:05,202607210100,HT,C,Y,4,CON,TXZ160,2005.983642578125,2026-07-21 18:00,,,,,False,,,,,,,202607200405-KFWD-WWUS74-NPWFWD,Langfeld,2026
FWD,2026-07-20 17:00,2026-07-22 01:00,2026-07-20 04:05,202607210100,HT,C,Y,4,CON,TXZ161,2418.9755859375,2026-07-21 18:00,,,,,False,,,,,,,202607200405-KFWD-WWUS74-NPWFWD,Langfeld,2026
FWD,2026-07-20 17:00,2026-07-22 01:00,2026-07-20 04:05,202607210100,HT,C,Y,4,CON,TXZ162,2800.714111328125,2026-07-21 18:00,,,,,False,,,,,,,202607200405-KFWD-WWUS74-NPWFWD,Langfeld,2026
FWD,2026-07-20 17:00,2026-07-22 01:00,2026-07-20 04:05,202607210100,HT,C,Y,4,CON,TXZ174,2648.720458984375,2026-07-21 18:00,,,,,False,,,,,,,202607200405-KFWD-WWUS74-NPWFWD,Langfeld,2026
FWD,2026-07-20 17:00,2026-07-22 01:00,2026-07-20 04:05,202607210100,HT,C,Y,4,CON,TXZ175,2244.22119140625,2026-07-21 18:00,,,,,False,,,,,,,202607200405-KFWD-WWUS74-NPWFWD,Langfeld,2026
FWD,2026-07-20 17:00,2026-07-22 01:00,2026-07-20 04:05,202607210100,HT,C,Y,4,CON,TXZ091,2431.44677734375,2026-07-21 18:00,,,,,False,,,,,,,202607200405-KFWD-WWUS74-NPWFWD,Langfeld,2026
FWD,2026-07-20 17:00,2026-07-21 05:38,2026-07-20 04:05,202607210100,HT,C,Y,4,UPG,TXZ092,2328.731689453125,2026-07-21 05:38,,,,,False,,,,,,,202607200405-KFWD-WWUS74-NPWFWD,Langfeld,2026
FWD,2026-07-20 17:00,2026-07-21 05:38,2026-07-20 04:05,202607210100,HT,C,Y,4,UPG,TXZ093,2537.125732421875,2026-07-21 05:38,,,,,False,,,,,,,202607200405-KFWD-WWUS74-NPWFWD,Langfeld,2026
FWD,2026-07-20 17:00,2026-07-21 05:38,2026-07-20 04:05,202607210100,HT,C,Y,4,UPG,TXZ094,2329.727294921875,2026-07-21 05:38,,,,,False,,,,,,,202607200405-KFWD-WWUS74-NPWFWD,Langfeld,2026
FWD,2026-07-20 17:00,2026-07-21 05:38,2026-07-20 04:05,202607210100,HT,C,Y,4,UPG,TXZ095,2415.989013671875,2026-07-21 05:38,,,,,False,,,,,,,202607200405-KFWD-WWUS74-NPWFWD,Langfeld,2026
FWD,2026-07-20 17:00,2026-07-22 01:00,2026-07-20 04:05,202607210100,HT,C,Y,4,CON,TXZ145,2554.8603515625,2026-07-21 18:00,,,,,False,,,,,,,202607200405-KFWD-WWUS74-NPWFWD,Langfeld,2026
FWD,2026-07-20 17:00,2026-07-22 01:00,2026-07-20 04:05,202607210100,HT,C,Y,4,CON,TXZ146,2815.175537109375,2026-07-21 18:00,,,,,False,,,,,,,202607200405-KFWD-WWUS74-NPWFWD,Langfeld,2026
FWD,2026-07-20 17:00,2026-07-22 01:00,2026-07-20 04:05,202607210100,HT,C,Y,4,CON,TXZ147,2312.48291015625,2026-07-21 18:00,,,,,False,,,,,,,202607200405-KFWD-WWUS74-NPWFWD,Langfeld,2026
FWD,2026-07-26 17:00,2026-08-01 01:00,2026-07-25 17:19,202607270100,HT,C,Y,20,CON,TXZ091,2431.44677734375,2026-07-31 17:33,,,,,False,,,,,,,202607251719-KFWD-WWUS74-NPWFWD,,2026
FWD,2026-07-23 01:00,2026-07-24 01:00,2026-07-22 05:02,202607240100,HT,C,Y,5,CON,TXZ115,2388.110107421875,2026-07-23 18:06,,,,,False,,,,,,,202607220502-KFWD-WWUS74-NPWFWD,Prater,2026
FWD,2026-07-23 01:00,2026-07-24 22:31,2026-07-22 05:02,202607240100,HT,C,Y,5,CAN,TXZ100,2411.92529296875,2026-07-24 22:31,,,,,False,,,,,,,202607220502-KFWD-WWUS74-NPWFWD,Prater,2026
FWD,2026-07-23 01:00,2026-07-24 22:31,2026-07-22 05:02,202607240100,HT,C,Y,5,CAN,TXZ101,2384.284912109375,2026-07-24 22:31,,,,,False,,,,,,,202607220502-KFWD-WWUS74-NPWFWD,Prater,2026
FWD,2026-07-23 01:00,2026-07-24 22:31,2026-07-22 05:02,202607240100,HT,C,Y,5,CAN,TXZ102,2391.205078125,2026-07-24 22:31,,,,,False,,,,,,,202607220502-KFWD-WWUS74-NPWFWD,Prater,2026
FWD,2026-07-23 01:00,2026-07-24 22:31,2026-07-22 05:02,202607240100,HT,C,Y,4,CAN,TXZ103,2481.98583984375,2026-07-24 22:31,,,,,False,,,,,,,202607220502-KFWD-WWUS74-NPWFWD,Prater,2026
FWD,2026-07-22 01:00,2026-07-22 16:48,2026-07-21 18:00,202607230100,HT,C,Y,4,UPG,TXZ094,2329.727294921875,2026-07-22 16:48,,,,,False,,,,,,,202607211800-KFWD-WWUS74-NPWFWD,Bradshaw,2026
FWD,2026-07-22 01:00,2026-07-22 16:48,2026-07-21 18:00,202607230100,HT,C,Y,4,UPG,TXZ095,2415.989013671875,2026-07-22 16:48,,,,,False,,,,,,,202607211800-KFWD-WWUS74-NPWFWD,Bradshaw,2026
FWD,2026-07-22 01:00,2026-07-22 16:48,2026-07-21 18:00,202607230100,HT,C,Y,4,UPG,TXZ106,719.8109741210938,2026-07-22 16:48,,,,,False,,,,,,,202607211800-KFWD-WWUS74-NPWFWD,Bradshaw,2026
FWD,2026-07-22 16:48,2026-07-23 01:00,2026-07-22 16:48,202607230100,XH,C,W,1,EXA,TXZ094,2329.727294921875,2026-07-22 16:48,,,,,False,,,,,,,202607221648-KFWD-WWUS74-NPWFWD,Barnes,2026
FWD,2026-07-22 16:48,2026-07-23 01:00,2026-07-22 16:48,202607230100,XH,C,W,1,EXA,TXZ095,2415.989013671875,2026-07-22 16:48,,,,,False,,,,,,,202607221648-KFWD-WWUS74-NPWFWD,Barnes,2026
FWD,2026-07-22 16:48,2026-07-23 01:00,2026-07-22 16:48,202607230100,XH,C,W,1,EXA,TXZ106,719.8109741210938,2026-07-22 16:48,,,,,False,,,,,,,202607221648-KFWD-WWUS74-NPWFWD,Barnes,2026
FWD,2026-07-22 01:00,2026-07-23 01:00,2026-07-21 18:00,202607230100,XH,C,W,1,CON,TXZ100,2411.92529296875,2026-07-22 16:48,,,,,False,,,,,,,202607211800-KFWD-WWUS74-NPWFWD,Bradshaw,2026
FWD,2026-07-22 01:00,2026-07-23 01:00,2026-07-21 18:00,202607230100,XH,C,W,1,CON,TXZ101,2384.284912109375,2026-07-22 16:48,,,,,False,,,,,,,202607211800-KFWD-WWUS74-NPWFWD,Bradshaw,2026
FWD,2026-07-22 01:00,2026-07-23 01:00,2026-07-21 18:00,202607230100,XH,C,W,1,CON,TXZ102,2391.205078125,2026-07-22 16:48,,,,,False,,,,,,,202607211800-KFWD-WWUS74-NPWFWD,Bradshaw,2026
FWD,2026-07-22 01:00,2026-07-23 01:00,2026-07-21 18:00,202607230100,XH,C,W,1,CON,TXZ115,2388.110107421875,2026-07-22 16:48,,,,,False,,,,,,,202607211800-KFWD-WWUS74-NPWFWD,Bradshaw,2026
FWD,2026-07-22 01:00,2026-07-23 01:00,2026-07-21 18:00,202607230100,XH,C,W,1,CON,TXZ116,2553.9892578125,2026-07-22 16:48,,,,,False,,,,,,,202607211800-KFWD-WWUS74-NPWFWD,Bradshaw,2026
FWD,2026-07-22 01:00,2026-07-23 01:00,2026-07-21 18:00,202607230100,XH,C,W,1,CON,TXZ117,2358.543212890625,2026-07-22 16:48,,,,,False,,,,,,,202607211800-KFWD-WWUS74-NPWFWD,Bradshaw,2026
FWD,2026-07-22 01:00,2026-07-23 01:00,2026-07-21 18:00,202607230100,XH,C,W,1,CON,TXZ130,2824.395263671875,2026-07-22 16:48,,,,,False,,,,,,,202607211800-KFWD-WWUS74-NPWFWD,Bradshaw,2026
FWD,2026-07-22 01:00,2026-07-23 01:00,2026-07-21 18:00,202607230100,XH,C,W,1,CON,TXZ131,1131.8604736328125,2026-07-22 16:48,,,,,False,,,,,,,202607211800-KFWD-WWUS74-NPWFWD,Bradshaw,2026
FWD,2026-07-22 01:00,2026-07-23 01:00,2026-07-21 18:00,202607230100,XH,C,W,1,CON,TXZ132,497.27447509765625,2026-07-22 16:48,,,,,False,,,,,,,202607211800-KFWD-WWUS74-NPWFWD,Bradshaw,2026
FWD,2026-07-22 01:00,2026-07-23 01:00,2026-07-21 18:00,202607230100,XH,C,W,1,CON,TXZ133,1903.355712890625,2026-07-22 16:48,,,,,False,,,,,,,202607211800-KFWD-WWUS74-NPWFWD,Bradshaw,2026
FWD,2026-07-22 01:00,2026-07-23 01:00,2026-07-21 18:00,202607230100,XH,C,W,1,CON,TXZ134,2466.30029296875,2026-07-22 16:48,,,,,False,,,,,,,202607211800-KFWD-WWUS74-NPWFWD,Bradshaw,2026
FWD,2026-07-22 01:00,2026-07-23 01:00,2026-07-21 18:00,202607230100,XH,C,W,1,CON,TXZ135,2459.52685546875,2026-07-22 16:48,,,,,False,,,,,,,202607211800-KFWD-WWUS74-NPWFWD,Bradshaw,2026
FWD,2026-07-22 01:00,2026-07-23 01:00,2026-07-21 18:00,202607230100,XH,C,W,1,CON,TXZ143,2168.113037109375,2026-07-22 16:48,,,,,False,,,,,,,202607211800-KFWD-WWUS74-NPWFWD,Bradshaw,2026
FWD,2026-07-22 01:00,2026-07-23 01:00,2026-07-21 18:00,202607230100,XH,C,W,1,CON,TXZ144,2598.81591796875,2026-07-22 16:48,,,,,False,,,,,,,202607211800-KFWD-WWUS74-NPWFWD,Bradshaw,2026
FWD,2026-07-22 01:00,2026-07-23 01:00,2026-07-21 18:00,202607230100,XH,C,W,1,CON,TXZ145,2554.8603515625,2026-07-22 16:48,,,,,False,,,,,,,202607211800-KFWD-WWUS74-NPWFWD,Bradshaw,2026
FWD,2026-07-22 01:00,2026-07-23 01:00,2026-07-21 18:00,202607230100,XH,C,W,1,CON,TXZ146,2815.175537109375,2026-07-22 16:48,,,,,False,,,,,,,202607211800-KFWD-WWUS74-NPWFWD,Bradshaw,2026
FWD,2026-07-22 01:00,2026-07-23 01:00,2026-07-21 18:00,202607230100,XH,C,W,1,CON,TXZ147,2312.48291015625,2026-07-22 16:48,,,,,False,,,,,,,202607211800-KFWD-WWUS74-NPWFWD,Bradshaw,2026
FWD,2026-07-22 01:00,2026-07-23 01:00,2026-07-21 18:00,202607230100,XH,C,W,1,CON,TXZ148,2793.626953125,2026-07-22 16:48,,,,,False,,,,,,,202607211800-KFWD-WWUS74-NPWFWD,Bradshaw,2026
FWD,2026-07-22 01:00,2026-07-23 01:00,2026-07-21 18:00,202607230100,XH,C,W,1,CON,TXZ157,2739.294677734375,2026-07-22 16:48,,,,,False,,,,,,,202607211800-KFWD-WWUS74-NPWFWD,Bradshaw,2026
FWD,2026-07-22 01:00,2026-07-23 01:00,2026-07-21 18:00,202607230100,XH,C,W,1,CON,TXZ158,2820.4619140625,2026-07-22 16:48,,,,,False,,,,,,,202607211800-KFWD-WWUS74-NPWFWD,Bradshaw,2026
FWD,2026-07-22 01:00,2026-07-23 01:00,2026-07-21 18:00,202607230100,XH,C,W,1,CON,TXZ159,2748.083740234375,2026-07-22 16:48,,,,,False,,,,,,,202607211800-KFWD-WWUS74-NPWFWD,Bradshaw,2026
FWD,2026-07-22 01:00,2026-07-23 01:00,2026-07-21 18:00,202607230100,XH,C,W,1,CON,TXZ160,2005.983642578125,2026-07-22 16:48,,,,,False,,,,,,,202607211800-KFWD-WWUS74-NPWFWD,Bradshaw,2026
FWD,2026-07-22 01:00,2026-07-23 01:00,2026-07-21 18:00,202607230100,XH,C,W,1,CON,TXZ161,2418.9755859375,2026-07-22 16:48,,,,,False,,,,,,,202607211800-KFWD-WWUS74-NPWFWD,Bradshaw,2026
FWD,2026-07-22 01:00,2026-07-23 01:00,2026-07-21 18:00,202607230100,XH,C,W,1,CON,TXZ162,2800.714111328125,2026-07-22 16:48,,,,,False,,,,,,,202607211800-KFWD-WWUS74-NPWFWD,Bradshaw,2026
FWD,2026-07-22 01:00,2026-07-23 01:00,2026-07-21 18:00,202607230100,XH,C,W,1,CON,TXZ174,2648.720458984375,2026-07-22 16:48,,,,,False,,,,,,,202607211800-KFWD-WWUS74-NPWFWD,Bradshaw,2026
FWD,2026-07-22 01:00,2026-07-23 01:00,2026-07-21 18:00,202607230100,XH,C,W,1,CON,TXZ175,2244.22119140625,2026-07-22 16:48,,,,,False,,,,,,,202607211800-KFWD-WWUS74-NPWFWD,Bradshaw,2026
FWD,2026-07-21 17:00,2026-07-23 01:00,2026-07-21 05:38,202607220100,XH,C,W,1,CON,TXZ103,2481.98583984375,2026-07-22 16:48,,,,,False,,,,,,,202607210538-KFWD-WWUS74-NPWFWD,Prater,2026
FWD,2026-07-21 17:00,2026-07-23 01:00,2026-07-21 05:38,202607220100,XH,C,W,1,CON,TXZ104,2295.47705078125,2026-07-22 16:48,,,,,False,,,,,,,202607210538-KFWD-WWUS74-NPWFWD,Prater,2026
FWD,2026-07-21 17:00,2026-07-23 01:00,2026-07-21 05:38,202607220100,XH,C,W,1,CON,TXZ105,2285.79638671875,2026-07-22 16:48,,,,,False,,,,,,,202607210538-KFWD-WWUS74-NPWFWD,Prater,2026
FWD,2026-07-21 17:00,2026-07-23 01:00,2026-07-21 05:38,202607220100,XH,C,W,1,CON,TXZ119,2354.464599609375,2026-07-22 16:48,,,,,False,,,,,,,202607210538-KFWD-WWUS74-NPWFWD,Prater,2026
FWD,2026-07-21 17:00,2026-07-23 01:00,2026-07-21 05:38,202607220100,XH,C,W,1,CON,TXZ120,385.27215576171875,2026-07-22 16:48,,,,,False,,,,,,,202607210538-KFWD-WWUS74-NPWFWD,Prater,2026
FWD,2026-07-21 17:00,2026-07-23 01:00,2026-07-21 05:38,202607220100,XH,C,W,1,CON,TXZ121,2091.041015625,2026-07-22 16:48,,,,,False,,,,,,,202607210538-KFWD-WWUS74-NPWFWD,Prater,2026
FWD,2026-07-21 17:00,2026-07-23 01:00,2026-07-21 05:38,202607220100,XH,C,W,1,CON,TXZ123,670.7362060546875,2026-07-22 16:48,,,,,False,,,,,,,202607210538-KFWD-WWUS74-NPWFWD,Prater,2026
FWD,2026-07-22 01:00,2026-07-23 01:00,2026-07-21 18:00,202607230100,XH,C,W,1,CON,TXZ091,2431.44677734375,2026-07-22 16:48,,,,,False,,,,,,,202607211800-KFWD-WWUS74-NPWFWD,Bradshaw,2026
FWD,2026-07-21 17:00,2026-07-23 01:00,2026-07-21 05:38,202607220100,XH,C,W,1,CON,TXZ092,2328.731689453125,2026-07-22 16:48,,,,,False,,,,,,,202607210538-KFWD-WWUS74-NPWFWD,Prater,2026
FWD,2026-07-21 17:00,2026-07-23 01:00,2026-07-21 05:38,202607220100,XH,C,W,1,CON,TXZ107,2054.214111328125,2026-07-22 16:48,,,,,False,,,,,,,202607210538-KFWD-WWUS74-NPWFWD,Prater,2026
FWD,2026-07-21 17:00,2026-07-23 01:00,2026-07-21 05:38,202607220100,XH,C,W,1,CON,TXZ093,2537.125732421875,2026-07-22 16:48,,,,,False,,,,,,,202607210538-KFWD-WWUS74-NPWFWD,Prater,2026
FWD,2026-07-22 22:39,2026-07-22 22:52,2026-07-22 22:39,202607222315,SV,C,W,242,CAN,TXC251,1903.355712890625,2026-07-22 22:52,,,,,False,,,,,,,202607222239-KFWD-WUUS54-SVRFWD,Dunn,2026
FWD,2026-07-22 22:39,2026-07-22 22:52,2026-07-22 22:39,202607222315,SV,C,W,242,CAN,TXC439,2325.8603515625,2026-07-22 22:52,,,,,False,,,,,,,202607222239-KFWD-WUUS54-SVRFWD,Dunn,2026
FWD,2026-07-23 05:00,2026-07-24 01:00,2026-07-23 05:00,202607240100,HT,C,Y,5,CON,TXZ106,719.8109741210938,2026-07-23 18:06,,,,,False,,,,,,,202607230500-KFWD-WWUS74-NPWFWD,Prater,2026
FWD,2026-07-23 05:00,2026-07-24 01:00,2026-07-23 05:00,202607240100,HT,C,Y,5,CON,TXZ107,2054.214111328125,2026-07-23 18:06,,,,,False,,,,,,,202607230500-KFWD-WWUS74-NPWFWD,Prater,2026
FWD,2026-07-23 01:00,2026-07-24 01:00,2026-07-22 05:02,202607240100,HT,C,Y,5,CON,TXZ148,2793.626953125,2026-07-23 18:06,,,,,False,,,,,,,202607220502-KFWD-WWUS74-NPWFWD,Prater,2026
FWD,2026-07-23 01:00,2026-07-24 01:00,2026-07-22 05:02,202607240100,HT,C,Y,5,CON,TXZ157,2739.294677734375,2026-07-23 18:06,,,,,False,,,,,,,202607220502-KFWD-WWUS74-NPWFWD,Prater,2026
FWD,2026-07-23 01:00,2026-07-24 01:00,2026-07-22 05:02,202607240100,HT,C,Y,5,CON,TXZ158,2820.4619140625,2026-07-23 18:06,,,,,False,,,,,,,202607220502-KFWD-WWUS74-NPWFWD,Prater,2026
FWD,2026-07-23 01:00,2026-07-24 01:00,2026-07-22 05:02,202607240100,HT,C,Y,5,CON,TXZ159,2748.083740234375,2026-07-23 18:06,,,,,False,,,,,,,202607220502-KFWD-WWUS74-NPWFWD,Prater,2026
FWD,2026-07-23 01:00,2026-07-24 01:00,2026-07-22 05:02,202607240100,HT,C,Y,5,CON,TXZ160,2005.983642578125,2026-07-23 18:06,,,,,False,,,,,,,202607220502-KFWD-WWUS74-NPWFWD,Prater,2026
FWD,2026-07-23 01:00,2026-07-24 01:00,2026-07-22 05:02,202607240100,HT,C,Y,5,CON,TXZ161,2418.9755859375,2026-07-23 18:06,,,,,False,,,,,,,202607220502-KFWD-WWUS74-NPWFWD,Prater,2026
FWD,2026-07-23 01:00,2026-07-24 01:00,2026-07-22 05:02,202607240100,HT,C,Y,5,CON,TXZ162,2800.714111328125,2026-07-23 18:06,,,,,False,,,,,,,202607220502-KFWD-WWUS74-NPWFWD,Prater,2026
FWD,2026-07-23 01:00,2026-07-24 01:00,2026-07-22 05:02,202607240100,HT,C,Y,5,CON,TXZ174,2648.720458984375,2026-07-23 18:06,,,,,False,,,,,,,202607220502-KFWD-WWUS74-NPWFWD,Prater,2026
FWD,2026-07-23 01:00,2026-07-24 01:00,2026-07-22 05:02,202607240100,HT,C,Y,5,CON,TXZ175,2244.22119140625,2026-07-23 18:06,,,,,False,,,,,,,202607220502-KFWD-WWUS74-NPWFWD,Prater,2026
FWD,2026-07-23 01:00,2026-07-24 22:31,2026-07-22 05:02,202607240100,HT,C,Y,5,CAN,TXZ117,2358.543212890625,2026-07-24 22:31,,,,,False,,,,,,,202607220502-KFWD-WWUS74-NPWFWD,Prater,2026
FWD,2026-07-23 01:00,2026-07-24 22:31,2026-07-22 05:02,202607240100,HT,C,Y,5,CAN,TXZ131,1131.8604736328125,2026-07-24 22:31,,,,,False,,,,,,,202607220502-KFWD-WWUS74-NPWFWD,Prater,2026
FWD,2026-07-26 17:00,2026-08-01 01:00,2026-07-25 17:19,202607270100,HT,C,Y,20,CON,TXZ103,2481.98583984375,2026-07-31 17:33,,,,,False,,,,,,,202607251719-KFWD-WWUS74-NPWFWD,,2026
FWD,2026-07-23 01:00,2026-07-24 01:00,2026-07-22 05:02,202607240100,HT,C,Y,4,CON,TXZ105,2285.79638671875,2026-07-23 18:06,,,,,False,,,,,,,202607220502-KFWD-WWUS74-NPWFWD,Prater,2026
FWD,2026-07-23 01:00,2026-07-24 01:00,2026-07-22 05:02,202607240100,HT,C,Y,4,CON,TXZ122,2227.31298828125,2026-07-23 18:06,,,,,False,,,,,,,202607220502-KFWD-WWUS74-NPWFWD,Prater,2026
FWD,2026-07-23 01:00,2026-07-24 01:00,2026-07-22 05:02,202607240100,HT,C,Y,4,CON,TXZ123,670.7362060546875,2026-07-23 18:06,,,,,False,,,,,,,202607220502-KFWD-WWUS74-NPWFWD,Prater,2026
FWD,2026-07-21 05:38,2026-07-24 01:00,2026-07-21 05:38,202607220100,HT,C,Y,4,CON,TXZ129,2415.1904296875,2026-07-23 18:06,,,,,False,,,,,,,202607210538-KFWD-WWUS74-NPWFWD,Prater,2026
FWD,2026-07-21 05:38,2026-07-24 01:00,2026-07-21 05:38,202607220100,HT,C,Y,4,CON,TXZ141,2456.103271484375,2026-07-23 18:06,,,,,False,,,,,,,202607210538-KFWD-WWUS74-NPWFWD,Prater,2026
FWD,2026-07-24 01:00,2026-07-24 22:31,2026-07-23 18:06,202607250100,HT,C,Y,5,CAN,TXZ091,2431.44677734375,2026-07-24 22:31,,,,,False,,,,,,,202607231806-KFWD-WWUS74-NPWFWD,Barnes,2026
FWD,2026-07-24 01:00,2026-07-24 22:31,2026-07-23 18:06,202607250100,HT,C,Y,5,CAN,TXZ092,2328.731689453125,2026-07-24 22:31,,,,,False,,,,,,,202607231806-KFWD-WWUS74-NPWFWD,Barnes,2026
FWD,2026-07-24 01:00,2026-07-24 22:31,2026-07-23 18:06,202607250100,HT,C,Y,5,CAN,TXZ093,2537.125732421875,2026-07-24 22:31,,,,,False,,,,,,,202607231806-KFWD-WWUS74-NPWFWD,Barnes,2026
FWD,2026-07-21 05:38,2026-07-24 01:00,2026-07-21 05:38,202607220100,HT,C,Y,4,CON,TXZ142,1943.57666015625,2026-07-23 18:06,,,,,False,,,,,,,202607210538-KFWD-WWUS74-NPWFWD,Prater,2026
FWD,2026-07-23 01:00,2026-07-24 01:00,2026-07-22 05:02,202607240100,HT,C,Y,5,CON,TXZ130,2824.395263671875,2026-07-23 18:06,,,,,False,,,,,,,202607220502-KFWD-WWUS74-NPWFWD,Prater,2026
FWD,2026-07-23 01:00,2026-07-24 01:00,2026-07-22 05:02,202607240100,HT,C,Y,5,CON,TXZ135,2459.52685546875,2026-07-23 18:06,,,,,False,,,,,,,202607220502-KFWD-WWUS74-NPWFWD,Prater,2026
FWD,2026-07-23 01:00,2026-07-24 01:00,2026-07-22 05:02,202607240100,HT,C,Y,5,CON,TXZ143,2168.113037109375,2026-07-23 18:06,,,,,False,,,,,,,202607220502-KFWD-WWUS74-NPWFWD,Prater,2026
FWD,2026-07-23 01:00,2026-07-24 01:00,2026-07-22 05:02,202607240100,HT,C,Y,5,CON,TXZ144,2598.81591796875,2026-07-23 18:06,,,,,False,,,,,,,202607220502-KFWD-WWUS74-NPWFWD,Prater,2026
FWD,2026-07-23 01:00,2026-07-24 01:00,2026-07-22 05:02,202607240100,HT,C,Y,5,CON,TXZ145,2554.8603515625,2026-07-23 18:06,,,,,False,,,,,,,202607220502-KFWD-WWUS74-NPWFWD,Prater,2026
FWD,2026-07-23 01:00,2026-07-24 01:00,2026-07-22 05:02,202607240100,HT,C,Y,5,CON,TXZ146,2815.175537109375,2026-07-23 18:06,,,,,False,,,,,,,202607220502-KFWD-WWUS74-NPWFWD,Prater,2026
FWD,2026-07-23 01:00,2026-07-24 01:00,2026-07-22 05:02,202607240100,HT,C,Y,5,CON,TXZ147,2312.48291015625,2026-07-23 18:06,,,,,False,,,,,,,202607220502-KFWD-WWUS74-NPWFWD,Prater,2026
FWD,2026-07-26 17:00,2026-08-01 01:00,2026-07-25 17:19,202607270100,HT,C,Y,20,CON,TXZ119,2354.464599609375,2026-07-31 17:33,,,,,False,,,,,,,202607251719-KFWD-WWUS74-NPWFWD,,2026
FWD,2026-07-24 04:24,2026-07-24 22:31,2026-07-24 04:24,202607250100,HT,C,Y,5,CAN,TXZ094,2329.727294921875,2026-07-24 22:31,,,,,False,,,,,,,202607240424-KFWD-WWUS74-NPWFWD,Prater,2026
FWD,2026-07-24 04:24,2026-07-24 22:31,2026-07-24 04:24,202607250100,HT,C,Y,5,CAN,TXZ105,2285.79638671875,2026-07-24 22:31,,,,,False,,,,,,,202607240424-KFWD-WWUS74-NPWFWD,Prater,2026
FWD,2026-07-24 04:24,2026-07-24 22:31,2026-07-24 04:24,202607250100,HT,C,Y,5,CAN,TXZ122,2227.31298828125,2026-07-24 22:31,,,,,False,,,,,,,202607240424-KFWD-WWUS74-NPWFWD,Prater,2026
FWD,2026-07-24 04:24,2026-07-24 22:31,2026-07-24 04:24,202607250100,HT,C,Y,5,CAN,TXZ123,670.7362060546875,2026-07-24 22:31,,,,,False,,,,,,,202607240424-KFWD-WWUS74-NPWFWD,Prater,2026
FWD,2026-07-23 01:00,2026-07-24 22:31,2026-07-22 05:02,202607240100,HT,C,Y,5,CAN,TXZ132,497.27447509765625,2026-07-24 22:31,,,,,False,,,,,,,202607220502-KFWD-WWUS74-NPWFWD,Prater,2026
FWD,2026-07-23 01:00,2026-07-24 22:31,2026-07-22 05:02,202607240100,HT,C,Y,5,CAN,TXZ133,1903.355712890625,2026-07-24 22:31,,,,,False,,,,,,,202607220502-KFWD-WWUS74-NPWFWD,Prater,2026
FWD,2026-07-23 01:00,2026-07-24 22:31,2026-07-22 05:02,202607240100,HT,C,Y,5,CAN,TXZ134,2466.30029296875,2026-07-24 22:31,,,,,False,,,,,,,202607220502-KFWD-WWUS74-NPWFWD,Prater,2026
FWD,2026-07-23 01:00,2026-07-24 22:31,2026-07-22 05:02,202607240100,HT,C,Y,4,CAN,TXZ104,2295.47705078125,2026-07-24 22:31,,,,,False,,,,,,,202607220502-KFWD-WWUS74-NPWFWD,Prater,2026
FWD,2026-07-23 01:00,2026-07-24 22:31,2026-07-22 05:02,202607240100,HT,C,Y,5,CAN,TXZ116,2553.9892578125,2026-07-24 22:31,,,,,False,,,,,,,202607220502-KFWD-WWUS74-NPWFWD,Prater,2026
FWD,2026-07-23 01:00,2026-07-24 22:31,2026-07-22 05:02,202607240100,HT,C,Y,4,CAN,TXZ118,2325.8603515625,2026-07-24 22:31,,,,,False,,,,,,,202607220502-KFWD-WWUS74-NPWFWD,Prater,2026
FWD,2026-07-23 01:00,2026-07-24 22:31,2026-07-22 05:02,202607240100,HT,C,Y,4,CAN,TXZ119,2354.464599609375,2026-07-24 22:31,,,,,False,,,,,,,202607220502-KFWD-WWUS74-NPWFWD,Prater,2026
FWD,2026-07-23 01:00,2026-07-24 22:31,2026-07-22 05:02,202607240100,HT,C,Y,4,CAN,TXZ120,385.27215576171875,2026-07-24 22:31,,,,,False,,,,,,,202607220502-KFWD-WWUS74-NPWFWD,Prater,2026
FWD,2026-07-23 01:00,2026-07-24 22:31,2026-07-22 05:02,202607240100,HT,C,Y,4,CAN,TXZ121,2091.041015625,2026-07-24 22:31,,,,,False,,,,,,,202607220502-KFWD-WWUS74-NPWFWD,Prater,2026
FWD,2026-07-25 01:00,2026-07-24 22:31,2026-07-24 17:57,202607260100,HT,C,Y,5,CAN,TXZ095,2415.989013671875,2026-07-24 22:31,,,,,False,,,,,,,202607241757-KFWD-WWUS74-NPWFWD,12,2026
FWD,2026-07-25 01:00,2026-07-24 22:31,2026-07-24 17:57,202607260100,HT,C,Y,5,CAN,TXZ106,719.8109741210938,2026-07-24 22:31,,,,,False,,,,,,,202607241757-KFWD-WWUS74-NPWFWD,12,2026
FWD,2026-07-25 01:00,2026-07-24 22:31,2026-07-24 17:57,202607260100,HT,C,Y,5,CAN,TXZ107,2054.214111328125,2026-07-24 22:31,,,,,False,,,,,,,202607241757-KFWD-WWUS74-NPWFWD,12,2026
FWD,2026-07-25 17:00,2026-07-26 01:00,2026-07-25 05:26,202607260100,HT,C,Y,19,CON,TXZ135,2459.52685546875,2026-07-25 17:19,,,,,False,,,,,,,202607250526-KFWD-WWUS74-NPWFWD,Prater,2026
FWD,2026-07-25 17:00,2026-07-26 01:00,2026-07-25 05:26,202607260100,HT,C,Y,19,CON,TXZ146,2815.175537109375,2026-07-25 17:19,,,,,False,,,,,,,202607250526-KFWD-WWUS74-NPWFWD,Prater,2026
FWD,2026-07-25 17:00,2026-07-26 01:00,2026-07-25 01:27,202607260100,HT,C,Y,19,CON,TXZ091,2431.44677734375,2026-07-25 17:19,,,,,False,,,,,,,202607250127-KFWD-WWUS74-NPWFWD,Dunn,2026
FWD,2026-07-25 17:00,2026-07-26 01:00,2026-07-25 01:27,202607260100,HT,C,Y,19,CON,TXZ092,2328.731689453125,2026-07-25 17:19,,,,,False,,,,,,,202607250127-KFWD-WWUS74-NPWFWD,Dunn,2026
FWD,2026-07-25 17:00,2026-07-26 01:00,2026-07-25 01:27,202607260100,HT,C,Y,19,CON,TXZ093,2537.125732421875,2026-07-25 17:19,,,,,False,,,,,,,202607250127-KFWD-WWUS74-NPWFWD,Dunn,2026
FWD,2026-07-25 17:00,2026-07-26 01:00,2026-07-25 01:27,202607260100,HT,C,Y,19,CON,TXZ094,2329.727294921875,2026-07-25 17:19,,,,,False,,,,,,,202607250127-KFWD-WWUS74-NPWFWD,Dunn,2026
FWD,2026-07-25 17:00,2026-07-26 01:00,2026-07-25 01:27,202607260100,HT,C,Y,19,CON,TXZ095,2415.989013671875,2026-07-25 17:19,,,,,False,,,,,,,202607250127-KFWD-WWUS74-NPWFWD,Dunn,2026
FWD,2026-07-25 17:00,2026-07-26 01:00,2026-07-25 01:27,202607260100,HT,C,Y,19,CON,TXZ101,2384.284912109375,2026-07-25 17:19,,,,,False,,,,,,,202607250127-KFWD-WWUS74-NPWFWD,Dunn,2026
FWD,2026-07-25 17:00,2026-07-26 01:00,2026-07-25 01:27,202607260100,HT,C,Y,19,CON,TXZ102,2391.205078125,2026-07-25 17:19,,,,,False,,,,,,,202607250127-KFWD-WWUS74-NPWFWD,Dunn,2026
FWD,2026-07-25 17:00,2026-07-26 01:00,2026-07-25 01:27,202607260100,HT,C,Y,19,CON,TXZ103,2481.98583984375,2026-07-25 17:19,,,,,False,,,,,,,202607250127-KFWD-WWUS74-NPWFWD,Dunn,2026
FWD,2026-07-25 17:00,2026-07-26 01:00,2026-07-25 01:27,202607260100,HT,C,Y,19,CON,TXZ117,2358.543212890625,2026-07-25 17:19,,,,,False,,,,,,,202607250127-KFWD-WWUS74-NPWFWD,Dunn,2026
FWD,2026-07-25 17:00,2026-07-26 01:00,2026-07-25 01:27,202607260100,HT,C,Y,19,CON,TXZ118,2325.8603515625,2026-07-25 17:19,,,,,False,,,,,,,202607250127-KFWD-WWUS74-NPWFWD,Dunn,2026
FWD,2026-07-25 17:00,2026-07-26 01:00,2026-07-25 01:27,202607260100,HT,C,Y,19,CON,TXZ119,2354.464599609375,2026-07-25 17:19,,,,,False,,,,,,,202607250127-KFWD-WWUS74-NPWFWD,Dunn,2026
FWD,2026-07-25 17:00,2026-07-26 01:00,2026-07-25 01:27,202607260100,HT,C,Y,19,CON,TXZ120,385.27215576171875,2026-07-25 17:19,,,,,False,,,,,,,202607250127-KFWD-WWUS74-NPWFWD,Dunn,2026
FWD,2026-07-25 17:00,2026-07-26 01:00,2026-07-25 01:27,202607260100,HT,C,Y,19,CON,TXZ121,2091.041015625,2026-07-25 17:19,,,,,False,,,,,,,202607250127-KFWD-WWUS74-NPWFWD,Dunn,2026
FWD,2026-07-25 17:00,2026-07-26 01:00,2026-07-25 01:27,202607260100,HT,C,Y,19,CON,TXZ122,2227.31298828125,2026-07-25 17:19,,,,,False,,,,,,,202607250127-KFWD-WWUS74-NPWFWD,Dunn,2026
FWD,2026-07-25 17:00,2026-07-26 01:00,2026-07-25 01:27,202607260100,HT,C,Y,19,CON,TXZ123,670.7362060546875,2026-07-25 17:19,,,,,False,,,,,,,202607250127-KFWD-WWUS74-NPWFWD,Dunn,2026
FWD,2026-07-25 17:00,2026-07-26 01:00,2026-07-25 01:27,202607260100,HT,C,Y,19,CON,TXZ131,1131.8604736328125,2026-07-25 17:19,,,,,False,,,,,,,202607250127-KFWD-WWUS74-NPWFWD,Dunn,2026
FWD,2026-07-25 17:00,2026-07-26 01:00,2026-07-25 01:27,202607260100,HT,C,Y,19,CON,TXZ132,497.27447509765625,2026-07-25 17:19,,,,,False,,,,,,,202607250127-KFWD-WWUS74-NPWFWD,Dunn,2026
FWD,2026-07-25 17:00,2026-07-26 01:00,2026-07-25 01:27,202607260100,HT,C,Y,19,CON,TXZ133,1903.355712890625,2026-07-25 17:19,,,,,False,,,,,,,202607250127-KFWD-WWUS74-NPWFWD,Dunn,2026
FWD,2026-07-26 17:00,2026-07-30 01:00,2026-07-25 17:19,202607270100,HT,C,Y,20,CON,TXZ147,2312.48291015625,2026-07-29 18:22,,,,,False,,,,,,,202607251719-KFWD-WWUS74-NPWFWD,,2026
FWD,2026-07-26 17:00,2026-08-01 01:00,2026-07-25 17:19,202607270100,HT,C,Y,20,CON,TXZ094,2329.727294921875,2026-07-31 17:33,,,,,False,,,,,,,202607251719-KFWD-WWUS74-NPWFWD,,2026
FWD,2026-07-26 17:00,2026-08-01 01:00,2026-07-25 17:19,202607270100,HT,C,Y,20,CON,TXZ121,2091.041015625,2026-07-31 17:33,,,,,False,,,,,,,202607251719-KFWD-WWUS74-NPWFWD,,2026
FWD,2026-07-26 17:00,2026-08-01 01:00,2026-07-25 17:19,202607270100,HT,C,Y,20,CON,TXZ106,719.8109741210938,2026-07-31 17:33,,,,,False,,,,,,,202607251719-KFWD-WWUS74-NPWFWD,,2026
FWD,2026-07-26 17:00,2026-07-30 01:00,2026-07-25 17:19,202607270100,HT,C,Y,20,CON,TXZ131,1131.8604736328125,2026-07-29 18:22,,,,,False,,,,,,,202607251719-KFWD-WWUS74-NPWFWD,,2026
FWD,2026-07-26 17:00,2026-07-30 01:00,2026-07-25 17:19,202607270100,HT,C,Y,20,CON,TXZ132,497.27447509765625,2026-07-29 18:22,,,,,False,,,,,,,202607251719-KFWD-WWUS74-NPWFWD,,2026
FWD,2026-07-26 17:00,2026-07-30 01:00,2026-07-25 17:19,202607270100,HT,C,Y,20,CON,TXZ148,2793.626953125,2026-07-29 18:22,,,,,False,,,,,,,202607251719-KFWD-WWUS74-NPWFWD,,2026
FWD,2026-07-28 05:41,2026-07-30 01:00,2026-07-28 05:41,202607290100,HT,C,Y,20,CON,TXZ174,2648.720458984375,2026-07-29 18:22,,,,,False,,,,,,,202607280541-KFWD-WWUS74-NPWFWD,Langfeld,2026
FWD,2026-07-26 17:00,2026-08-01 01:00,2026-07-25 17:19,202607270100,HT,C,Y,20,CON,TXZ133,1903.355712890625,2026-07-31 17:33,,,,,False,,,,,,,202607251719-KFWD-WWUS74-NPWFWD,,2026
FWD,2026-07-30 05:28,2026-07-31 01:00,2026-07-30 05:28,202607310100,HT,C,Y,21,EXP,TXZ144,2598.81591796875,2026-07-31 00:52,,,,,False,,,,,,,202607300528-KFWD-WWUS74-NPWFWD,Langfeld,2026
FWD,2026-07-30 05:28,2026-07-31 01:00,2026-07-30 05:28,202607310100,HT,C,Y,21,EXP,TXZ159,2748.083740234375,2026-07-31 00:52,,,,,False,,,,,,,202607300528-KFWD-WWUS74-NPWFWD,Langfeld,2026
FWD,2026-07-30 05:28,2026-07-31 01:00,2026-07-30 05:28,202607310100,HT,C,Y,21,EXP,TXZ160,2005.983642578125,2026-07-31 00:52,,,,,False,,,,,,,202607300528-KFWD-WWUS74-NPWFWD,Langfeld,2026
FWD,2026-07-30 05:28,2026-07-31 01:00,2026-07-30 05:28,202607310100,HT,C,Y,21,EXP,TXZ161,2418.9755859375,2026-07-31 00:52,,,,,False,,,,,,,202607300528-KFWD-WWUS74-NPWFWD,Langfeld,2026
FWD,2026-07-30 05:28,2026-07-31 01:00,2026-07-30 05:28,202607310100,HT,C,Y,21,EXP,TXZ174,2648.720458984375,2026-07-31 00:52,,,,,False,,,,,,,202607300528-KFWD-WWUS74-NPWFWD,Langfeld,2026
FWD,2026-07-30 05:28,2026-07-31 01:00,2026-07-30 05:28,202607310100,HT,C,Y,21,EXP,TXZ175,2244.22119140625,2026-07-31 00:52,,,,,False,,,,,,,202607300528-KFWD-WWUS74-NPWFWD,Langfeld,2026
FWD,2026-07-30 05:28,2026-07-31 01:00,2026-07-30 05:28,202607310100,HT,C,Y,20,EXP,TXZ157,2739.294677734375,2026-07-31 00:52,,,,,False,,,,,,,202607300528-KFWD-WWUS74-NPWFWD,Langfeld,2026
FWD,2026-07-26 17:00,2026-08-01 01:00,2026-07-25 17:19,202607270100,HT,C,Y,20,CON,TXZ120,385.27215576171875,2026-07-31 17:33,,,,,False,,,,,,,202607251719-KFWD-WWUS74-NPWFWD,,2026
FWD,2026-07-26 17:00,2026-08-01 01:00,2026-07-25 17:19,202607270100,HT,C,Y,20,CON,TXZ092,2328.731689453125,2026-07-31 17:33,,,,,False,,,,,,,202607251719-KFWD-WWUS74-NPWFWD,,2026
FWD,2026-07-28 01:00,2026-07-30 01:00,2026-07-27 16:34,202607290100,HT,C,Y,20,CON,TXZ175,2244.22119140625,2026-07-29 18:22,,,,,False,,,,,,,202607271634-KFWD-WWUS74-NPWFWD,Shamburger,2026
FWD,2026-07-26 17:00,2026-07-30 01:00,2026-07-26 04:17,202607270100,HT,C,Y,20,CON,TXZ116,2553.9892578125,2026-07-29 18:22,,,,,False,,,,,,,202607260417-KFWD-WWUS74-NPWFWD,Prater,2026
FWD,2026-07-26 17:00,2026-08-01 01:00,2026-07-25 17:19,202607270100,HT,C,Y,20,CON,TXZ095,2415.989013671875,2026-07-31 17:33,,,,,False,,,,,,,202607251719-KFWD-WWUS74-NPWFWD,,2026
FWD,2026-07-30 05:28,2026-08-01 01:00,2026-07-30 05:28,202607310100,HT,C,Y,21,CON,TXZ116,2553.9892578125,2026-07-31 17:33,,,,,False,,,,,,,202607300528-KFWD-WWUS74-NPWFWD,Langfeld,2026
FWD,2026-07-30 05:28,2026-07-31 01:00,2026-07-30 05:28,202607310100,HT,C,Y,21,EXP,TXZ158,2820.4619140625,2026-07-31 00:52,,,,,False,,,,,,,202607300528-KFWD-WWUS74-NPWFWD,Langfeld,2026
FWD,2026-07-30 05:28,2026-08-01 01:00,2026-07-30 05:28,202607310100,HT,C,Y,21,CON,TXZ162,2800.714111328125,2026-07-31 17:33,,,,,False,,,,,,,202607300528-KFWD-WWUS74-NPWFWD,Langfeld,2026
FWD,2026-07-26 17:00,2026-08-01 01:00,2026-07-25 17:19,202607270100,HT,C,Y,20,CON,TXZ135,2459.52685546875,2026-07-31 17:33,,,,,False,,,,,,,202607251719-KFWD-WWUS74-NPWFWD,,2026
FWD,2026-07-28 05:41,2026-07-31 01:00,2026-07-28 05:41,202607290100,HT,C,Y,20,EXP,TXZ145,2554.8603515625,2026-07-31 00:52,,,,,False,,,,,,,202607280541-KFWD-WWUS74-NPWFWD,Langfeld,2026
FWD,2026-07-28 05:41,2026-07-30 01:00,2026-07-28 05:41,202607290100,HT,C,Y,20,CON,TXZ144,2598.81591796875,2026-07-29 18:22,,,,,False,,,,,,,202607280541-KFWD-WWUS74-NPWFWD,Langfeld,2026
FWD,2026-07-28 05:41,2026-07-30 01:00,2026-07-28 05:41,202607290100,HT,C,Y,20,CON,TXZ158,2820.4619140625,2026-07-29 18:22,,,,,False,,,,,,,202607280541-KFWD-WWUS74-NPWFWD,Langfeld,2026
FWD,2026-07-28 05:41,2026-07-30 01:00,2026-07-28 05:41,202607290100,HT,C,Y,20,CON,TXZ159,2748.083740234375,2026-07-29 18:22,,,,,False,,,,,,,202607280541-KFWD-WWUS74-NPWFWD,Langfeld,2026
FWD,2026-07-28 05:41,2026-07-30 01:00,2026-07-28 05:41,202607290100,HT,C,Y,20,CON,TXZ160,2005.983642578125,2026-07-29 18:22,,,,,False,,,,,,,202607280541-KFWD-WWUS74-NPWFWD,Langfeld,2026
FWD,2026-07-28 05:41,2026-07-30 01:00,2026-07-28 05:41,202607290100,HT,C,Y,20,CON,TXZ161,2418.9755859375,2026-07-29 18:22,,,,,False,,,,,,,202607280541-KFWD-WWUS74-NPWFWD,Langfeld,2026
FWD,2026-07-26 17:00,2026-07-30 01:00,2026-07-25 17:19,202607270100,HT,C,Y,20,CON,TXZ162,2800.714111328125,2026-07-29 18:22,,,,,False,,,,,,,202607251719-KFWD-WWUS74-NPWFWD,,2026
FWD,2026-07-26 17:00,2026-08-01 01:00,2026-07-25 17:19,202607270100,HT,C,Y,20,CON,TXZ117,2358.543212890625,2026-07-31 17:33,,,,,False,,,,,,,202607251719-KFWD-WWUS74-NPWFWD,,2026
FWD,2026-07-26 17:00,2026-08-01 01:00,2026-07-25 17:19,202607270100,HT,C,Y,20,CON,TXZ118,2325.8603515625,2026-07-31 17:33,,,,,False,,,,,,,202607251719-KFWD-WWUS74-NPWFWD,,2026
FWD,2026-07-30 05:28,2026-08-01 01:00,2026-07-30 05:28,202607310100,HT,C,Y,21,CON,TXZ131,1131.8604736328125,2026-07-31 17:33,,,,,False,,,,,,,202607300528-KFWD-WWUS74-NPWFWD,Langfeld,2026
FWD,2026-07-26 17:00,2026-08-01 01:00,2026-07-25 17:19,202607270100,HT,C,Y,20,CON,TXZ102,2391.205078125,2026-07-31 17:33,,,,,False,,,,,,,202607251719-KFWD-WWUS74-NPWFWD,,2026
FWD,2026-07-26 17:00,2026-08-01 01:00,2026-07-25 17:19,202607270100,HT,C,Y,20,CON,TXZ134,2466.30029296875,2026-07-31 17:33,,,,,False,,,,,,,202607251719-KFWD-WWUS74-NPWFWD,,2026
FWD,2026-07-26 17:00,2026-08-01 01:00,2026-07-25 17:19,202607270100,HT,C,Y,20,CON,TXZ101,2384.284912109375,2026-07-31 17:33,,,,,False,,,,,,,202607251719-KFWD-WWUS74-NPWFWD,,2026
FWD,2026-07-26 17:00,2026-08-01 01:00,2026-07-25 17:19,202607270100,HT,C,Y,20,CON,TXZ122,2227.31298828125,2026-07-31 17:33,,,,,False,,,,,,,202607251719-KFWD-WWUS74-NPWFWD,,2026
FWD,2026-07-26 17:00,2026-08-01 01:00,2026-07-25 17:19,202607270100,HT,C,Y,20,CON,TXZ093,2537.125732421875,2026-07-31 17:33,,,,,False,,,,,,,202607251719-KFWD-WWUS74-NPWFWD,,2026
FWD,2026-07-26 17:00,2026-08-01 01:00,2026-07-25 17:19,202607270100,HT,C,Y,20,CON,TXZ146,2815.175537109375,2026-07-31 17:33,,,,,False,,,,,,,202607251719-KFWD-WWUS74-NPWFWD,,2026
FWD,2026-07-26 17:00,2026-08-01 01:00,2026-07-26 04:17,202607270100,HT,C,Y,20,CON,TXZ100,2411.92529296875,2026-07-31 17:33,,,,,False,,,,,,,202607260417-KFWD-WWUS74-NPWFWD,Prater,2026
FWD,2026-07-26 17:00,2026-08-01 01:00,2026-07-25 17:19,202607270100,HT,C,Y,20,CON,TXZ104,2295.47705078125,2026-07-31 17:33,,,,,False,,,,,,,202607251719-KFWD-WWUS74-NPWFWD,,2026
FWD,2026-07-26 17:00,2026-08-01 01:00,2026-07-25 17:19,202607270100,HT,C,Y,20,CON,TXZ105,2285.79638671875,2026-07-31 17:33,,,,,False,,,,,,,202607251719-KFWD-WWUS74-NPWFWD,,2026
FWD,2026-07-26 17:00,2026-08-01 01:00,2026-07-25 17:19,202607270100,HT,C,Y,20,CON,TXZ107,2054.214111328125,2026-07-31 17:33,,,,,False,,,,,,,202607251719-KFWD-WWUS74-NPWFWD,,2026
FWD,2026-07-26 17:00,2026-08-01 01:00,2026-07-25 17:19,202607270100,HT,C,Y,20,CON,TXZ123,670.7362060546875,2026-07-31 17:33,,,,,False,,,,,,,202607251719-KFWD-WWUS74-NPWFWD,,2026
FWD,2026-07-30 05:28,2026-08-01 01:00,2026-07-30 05:28,202607310100,HT,C,Y,21,CON,TXZ132,497.27447509765625,2026-07-31 17:33,,,,,False,,,,,,,202607300528-KFWD-WWUS74-NPWFWD,Langfeld,2026
FWD,2026-07-30 05:28,2026-08-01 01:00,2026-07-30 05:28,202607310100,HT,C,Y,21,CON,TXZ147,2312.48291015625,2026-07-31 17:33,,,,,False,,,,,,,202607300528-KFWD-WWUS74-NPWFWD,Langfeld,2026
FWD,2026-07-30 05:28,2026-08-01 01:00,2026-07-30 05:28,202607310100,HT,C,Y,21,CON,TXZ148,2793.626953125,2026-07-31 17:33,,,,,False,,,,,,,202607300528-KFWD-WWUS74-NPWFWD,Langfeld,2026
FWD,2026-08-25 02:00,2026-08-28 01:00,2026-08-24 18:30,202608260200,HT,C,Y,29,CON,TXZ175,2244.22119140625,2026-08-27 18:02,,,,,False,,,,,,,202608241830-KFWD-WWUS74-NPWFWD,Bonnette,2026
FWD,2026-08-25 02:00,2026-08-28 01:00,2026-08-24 18:30,202608260200,HT,C,Y,29,CON,TXZ107,2054.214111328125,2026-08-27 18:02,,,,,False,,,,,,,202608241830-KFWD-WWUS74-NPWFWD,Bonnette,2026
FWD,2026-08-11 18:00,2026-08-12 01:00,2026-08-10 17:13,202608120100,HT,C,Y,23,CON,TXZ091,2431.44677734375,2026-08-11 17:23,,,,,False,,,,,,,202608101713-KFWD-WWUS74-NPWFWD,,2026
FWD,2026-08-11 18:00,2026-08-12 01:00,2026-08-10 17:13,202608120100,HT,C,Y,23,CON,TXZ092,2328.731689453125,2026-08-11 17:23,,,,,False,,,,,,,202608101713-KFWD-WWUS74-NPWFWD,,2026
FWD,2026-08-11 18:00,2026-08-12 01:00,2026-08-10 17:13,202608120100,HT,C,Y,23,CON,TXZ093,2537.125732421875,2026-08-11 17:23,,,,,False,,,,,,,202608101713-KFWD-WWUS74-NPWFWD,,2026
FWD,2026-08-11 18:00,2026-08-12 01:00,2026-08-10 17:13,202608120100,HT,C,Y,23,CON,TXZ094,2329.727294921875,2026-08-11 17:23,,,,,False,,,,,,,202608101713-KFWD-WWUS74-NPWFWD,,2026
FWD,2026-08-11 18:00,2026-08-12 01:00,2026-08-10 17:13,202608120100,HT,C,Y,23,CON,TXZ095,2415.989013671875,2026-08-11 17:23,,,,,False,,,,,,,202608101713-KFWD-WWUS74-NPWFWD,,2026
FWD,2026-08-11 18:00,2026-08-12 01:00,2026-08-10 17:13,202608120100,HT,C,Y,23,CON,TXZ101,2384.284912109375,2026-08-11 17:23,,,,,False,,,,,,,202608101713-KFWD-WWUS74-NPWFWD,,2026
FWD,2026-08-11 18:00,2026-08-12 01:00,2026-08-10 17:13,202608120100,HT,C,Y,23,CON,TXZ102,2391.205078125,2026-08-11 17:23,,,,,False,,,,,,,202608101713-KFWD-WWUS74-NPWFWD,,2026
FWD,2026-08-25 02:00,2026-08-28 01:00,2026-08-24 18:30,202608260200,HT,C,Y,29,CON,TXZ122,2227.31298828125,2026-08-27 18:02,,,,,False,,,,,,,202608241830-KFWD-WWUS74-NPWFWD,Bonnette,2026
FWD,2026-08-25 02:00,2026-08-28 01:00,2026-08-24 18:30,202608260200,HT,C,Y,29,CON,TXZ123,670.7362060546875,2026-08-27 18:02,,,,,False,,,,,,,202608241830-KFWD-WWUS74-NPWFWD,Bonnette,2026
FWD,2026-08-25 02:00,2026-08-28 01:00,2026-08-24 18:30,202608260200,HT,C,Y,29,CON,TXZ135,2459.52685546875,2026-08-27 18:02,,,,,False,,,,,,,202608241830-KFWD-WWUS74-NPWFWD,Bonnette,2026
FWD,2026-08-25 02:00,2026-08-28 01:00,2026-08-24 18:30,202608260200,HT,C,Y,29,CON,TXZ147,2312.48291015625,2026-08-27 18:02,,,,,False,,,,,,,202608241830-KFWD-WWUS74-NPWFWD,Bonnette,2026
FWD,2026-08-11 18:00,2026-08-12 01:00,2026-08-10 17:13,202608120100,HT,C,Y,23,CON,TXZ118,2325.8603515625,2026-08-11 17:23,,,,,False,,,,,,,202608101713-KFWD-WWUS74-NPWFWD,,2026
FWD,2026-08-11 18:00,2026-08-12 01:00,2026-08-10 17:13,202608120100,HT,C,Y,23,CON,TXZ119,2354.464599609375,2026-08-11 17:23,,,,,False,,,,,,,202608101713-KFWD-WWUS74-NPWFWD,,2026
FWD,2026-08-11 18:00,2026-08-12 01:00,2026-08-10 17:13,202608120100,HT,C,Y,23,CON,TXZ120,385.27215576171875,2026-08-11 17:23,,,,,False,,,,,,,202608101713-KFWD-WWUS74-NPWFWD,,2026
FWD,2026-08-11 18:00,2026-08-12 01:00,2026-08-10 17:13,202608120100,HT,C,Y,23,CON,TXZ121,2091.041015625,2026-08-11 17:23,,,,,False,,,,,,,202608101713-KFWD-WWUS74-NPWFWD,,2026
FWD,2026-08-26 02:00,2026-08-28 01:00,2026-08-25 17:37,202608270200,HT,C,Y,29,CON,TXZ104,2295.47705078125,2026-08-27 18:02,,,,,False,,,,,,,202608251737-KFWD-WWUS74-NPWFWD,Bonnette,2026
FWD,2026-08-26 02:00,2026-08-28 01:00,2026-08-25 17:37,202608270200,HT,C,Y,29,CON,TXZ105,2285.79638671875,2026-08-27 18:02,,,,,False,,,,,,,202608251737-KFWD-WWUS74-NPWFWD,Bonnette,2026
FWD,2026-08-08 20:26,2026-08-08 20:59,2026-08-08 20:26,202608082130,SV,C,W,243,CAN,TXC119,719.8109741210938,2026-08-08 20:59,,,,,False,,,,,,,202608082026-KFWD-WUUS54-SVRFWD,Gordon,2026
FWD,2026-08-08 20:26,2026-08-08 21:08,2026-08-08 20:26,202608082130,SV,C,W,243,CAN,TXC223,2054.214111328125,2026-08-08 21:08,,,,,False,,,,,,,202608082026-KFWD-WUUS54-SVRFWD,Gordon,2026
FWD,2026-08-08 20:26,2026-08-08 21:08,2026-08-08 20:26,202608082130,SV,C,W,243,CAN,TXC231,2285.79638671875,2026-08-08 21:08,,,,,False,,,,,,,202608082026-KFWD-WUUS54-SVRFWD,Gordon,2026
FWD,2026-08-26 02:00,2026-08-28 01:00,2026-08-25 17:37,202608270200,HT,C,Y,29,CON,TXZ117,2358.543212890625,2026-08-27 18:02,,,,,False,,,,,,,202608251737-KFWD-WWUS74-NPWFWD,Bonnette,2026
FWD,2026-08-08 21:18,2026-08-08 21:38,2026-08-08 21:18,202608082215,SV,C,W,244,CAN,TXC379,670.7362060546875,2026-08-08 21:38,,,,,False,,,,,,,202608082118-KFWD-WUUS54-SVRFWD,Gordon,2026
FWD,2026-08-08 21:18,2026-08-08 21:38,2026-08-08 21:18,202608082215,SV,C,W,244,CAN,TXC467,2227.31298828125,2026-08-08 21:38,,,,,False,,,,,,,202608082118-KFWD-WUUS54-SVRFWD,Gordon,2026
FWD,2026-08-26 02:00,2026-08-28 01:00,2026-08-25 17:37,202608270200,HT,C,Y,29,CON,TXZ118,2325.8603515625,2026-08-27 18:02,,,,,False,,,,,,,202608251737-KFWD-WWUS74-NPWFWD,Bonnette,2026
FWD,2026-08-26 02:00,2026-08-28 01:00,2026-08-25 17:37,202608270200,HT,C,Y,29,CON,TXZ119,2354.464599609375,2026-08-27 18:02,,,,,False,,,,,,,202608251737-KFWD-WWUS74-NPWFWD,Bonnette,2026
FWD,2026-08-11 18:00,2026-08-12 01:00,2026-08-10 17:13,202608120100,HT,C,Y,23,CON,TXZ103,2481.98583984375,2026-08-11 17:23,,,,,False,,,,,,,202608101713-KFWD-WWUS74-NPWFWD,,2026
FWD,2026-08-11 18:00,2026-08-12 01:00,2026-08-10 17:13,202608120100,HT,C,Y,23,CON,TXZ104,2295.47705078125,2026-08-11 17:23,,,,,False,,,,,,,202608101713-KFWD-WWUS74-NPWFWD,,2026
FWD,2026-08-11 18:00,2026-08-12 01:00,2026-08-10 17:13,202608120100,HT,C,Y,23,CON,TXZ105,2285.79638671875,2026-08-11 17:23,,,,,False,,,,,,,202608101713-KFWD-WWUS74-NPWFWD,,2026
FWD,2026-08-11 18:00,2026-08-12 01:00,2026-08-10 17:13,202608120100,HT,C,Y,23,CON,TXZ106,719.8109741210938,2026-08-11 17:23,,,,,False,,,,,,,202608101713-KFWD-WWUS74-NPWFWD,,2026
FWD,2026-08-11 18:00,2026-08-12 01:00,2026-08-10 17:13,202608120100,HT,C,Y,23,CON,TXZ107,2054.214111328125,2026-08-11 17:23,,,,,False,,,,,,,202608101713-KFWD-WWUS74-NPWFWD,,2026
FWD,2026-08-11 18:00,2026-08-12 01:00,2026-08-10 17:13,202608120100,HT,C,Y,23,CON,TXZ116,2553.9892578125,2026-08-11 17:23,,,,,False,,,,,,,202608101713-KFWD-WWUS74-NPWFWD,,2026
FWD,2026-08-11 18:00,2026-08-12 01:00,2026-08-10 17:13,202608120100,HT,C,Y,23,CON,TXZ117,2358.543212890625,2026-08-11 17:23,,,,,False,,,,,,,202608101713-KFWD-WWUS74-NPWFWD,,2026
FWD,2026-08-11 18:00,2026-08-12 01:00,2026-08-10 17:13,202608120100,HT,C,Y,23,CON,TXZ133,1903.355712890625,2026-08-11 17:23,,,,,False,,,,,,,202608101713-KFWD-WWUS74-NPWFWD,,2026
FWD,2026-08-11 18:00,2026-08-12 01:00,2026-08-10 17:13,202608120100,HT,C,Y,23,CON,TXZ134,2466.30029296875,2026-08-11 17:23,,,,,False,,,,,,,202608101713-KFWD-WWUS74-NPWFWD,,2026
FWD,2026-08-11 18:00,2026-08-12 01:00,2026-08-11 17:23,202608120100,HT,C,Y,23,EXA,TXZ122,2227.31298828125,2026-08-11 17:23,,,,,False,,,,,,,202608111723-KFWD-WWUS74-NPWFWD,,2026
FWD,2026-08-11 18:00,2026-08-12 01:00,2026-08-11 17:23,202608120100,HT,C,Y,23,EXA,TXZ123,670.7362060546875,2026-08-11 17:23,,,,,False,,,,,,,202608111723-KFWD-WWUS74-NPWFWD,,2026
FWD,2026-08-15 17:00,2026-08-18 17:00,2026-08-15 04:23,202608160100,HT,C,Y,25,EXP,TXZ091,2431.44677734375,2026-08-18 17:17,,,,,False,,,,,,,202608150423-KFWD-WWUS74-NPWFWD,Stalley,2026
FWD,2026-08-15 17:00,2026-08-18 17:00,2026-08-15 04:23,202608160100,HT,C,Y,25,EXP,TXZ104,2295.47705078125,2026-08-18 17:17,,,,,False,,,,,,,202608150423-KFWD-WWUS74-NPWFWD,Stalley,2026
FWD,2026-08-15 17:00,2026-08-18 17:00,2026-08-15 04:23,202608160100,HT,C,Y,25,EXP,TXZ105,2285.79638671875,2026-08-18 17:17,,,,,False,,,,,,,202608150423-KFWD-WWUS74-NPWFWD,Stalley,2026
FWD,2026-08-15 17:00,2026-08-18 17:00,2026-08-15 04:23,202608160100,HT,C,Y,25,EXP,TXZ106,719.8109741210938,2026-08-18 17:17,,,,,False,,,,,,,202608150423-KFWD-WWUS74-NPWFWD,Stalley,2026
FWD,2026-08-15 17:00,2026-08-18 17:00,2026-08-15 04:23,202608160100,HT,C,Y,25,EXP,TXZ107,2054.214111328125,2026-08-18 17:17,,,,,False,,,,,,,202608150423-KFWD-WWUS74-NPWFWD,Stalley,2026
FWD,2026-08-15 17:00,2026-08-18 17:00,2026-08-15 04:23,202608160100,HT,C,Y,25,EXP,TXZ123,670.7362060546875,2026-08-18 17:17,,,,,False,,,,,,,202608150423-KFWD-WWUS74-NPWFWD,Stalley,2026
FWD,2026-08-16 01:00,2026-08-18 17:00,2026-08-15 16:17,202608170100,HT,C,Y,25,EXP,TXZ115,2388.110107421875,2026-08-18 17:17,,,,,False,,,,,,,202608151617-KFWD-WWUS74-NPWFWD,Hernandez,2026
FWD,2026-08-16 01:00,2026-08-18 17:00,2026-08-15 16:17,202608170100,HT,C,Y,25,EXP,TXZ129,2415.1904296875,2026-08-18 17:17,,,,,False,,,,,,,202608151617-KFWD-WWUS74-NPWFWD,Hernandez,2026
FWD,2026-08-15 17:00,2026-08-18 17:00,2026-08-15 04:23,202608160100,HT,C,Y,25,EXP,TXZ093,2537.125732421875,2026-08-18 17:17,,,,,False,,,,,,,202608150423-KFWD-WWUS74-NPWFWD,Stalley,2026
FWD,2026-08-18 17:00,2026-08-22 07:23,2026-08-17 17:45,202608190100,XH,C,W,2,CAN,TXZ092,2328.731689453125,2026-08-22 07:23,,,,,False,,,,,,,202608171745-KFWD-WWUS74-NPWFWD,Hernandez,2026
FWD,2026-08-18 17:00,2026-08-21 17:23,2026-08-17 17:45,202608190100,XH,C,W,2,CAN,TXZ093,2537.125732421875,2026-08-21 17:23,,,,,False,,,,,,,202608171745-KFWD-WWUS74-NPWFWD,Hernandez,2026
FWD,2026-08-23 17:00,2026-08-25 02:00,2026-08-23 01:39,202608240200,XH,C,W,3,CON,TXZ122,2227.31298828125,2026-08-24 18:30,,,,,False,,,,,,,202608230139-KFWD-WWUS74-NPWFWD,Darrah,2026
FWD,2026-08-23 17:00,2026-08-25 02:00,2026-08-23 01:39,202608240200,XH,C,W,3,CON,TXZ123,670.7362060546875,2026-08-24 18:30,,,,,False,,,,,,,202608230139-KFWD-WWUS74-NPWFWD,Darrah,2026
FWD,2026-08-12 18:00,2026-08-14 01:00,2026-08-12 17:23,202608140100,HT,C,Y,24,CON,TXZ100,2411.92529296875,2026-08-13 19:21,,,,,False,,,,,,,202608121723-KFWD-WWUS74-NPWFWD,JLDunn,2026
FWD,2026-08-12 18:00,2026-08-14 01:00,2026-08-12 17:23,202608140100,HT,C,Y,24,CON,TXZ101,2384.284912109375,2026-08-13 19:21,,,,,False,,,,,,,202608121723-KFWD-WWUS74-NPWFWD,JLDunn,2026
FWD,2026-08-15 17:00,2026-08-18 17:00,2026-08-15 04:23,202608160100,HT,C,Y,25,EXP,TXZ119,2354.464599609375,2026-08-18 17:17,,,,,False,,,,,,,202608150423-KFWD-WWUS74-NPWFWD,Stalley,2026
FWD,2026-08-15 17:00,2026-08-18 17:00,2026-08-15 04:23,202608160100,HT,C,Y,25,EXP,TXZ120,385.27215576171875,2026-08-18 17:17,,,,,False,,,,,,,202608150423-KFWD-WWUS74-NPWFWD,Stalley,2026
FWD,2026-08-15 17:00,2026-08-18 17:00,2026-08-15 04:23,202608160100,HT,C,Y,25,EXP,TXZ121,2091.041015625,2026-08-18 17:17,,,,,False,,,,,,,202608150423-KFWD-WWUS74-NPWFWD,Stalley,2026
FWD,2026-08-15 17:00,2026-08-18 17:00,2026-08-15 04:23,202608160100,HT,C,Y,25,EXP,TXZ132,497.27447509765625,2026-08-18 17:17,,,,,False,,,,,,,202608150423-KFWD-WWUS74-NPWFWD,Stalley,2026
FWD,2026-08-15 17:00,2026-08-18 17:00,2026-08-15 04:23,202608160100,HT,C,Y,25,EXP,TXZ133,1903.355712890625,2026-08-18 17:17,,,,,False,,,,,,,202608150423-KFWD-WWUS74-NPWFWD,Stalley,2026
FWD,2026-08-15 17:00,2026-08-18 17:00,2026-08-15 04:23,202608160100,HT,C,Y,25,EXP,TXZ134,2466.30029296875,2026-08-18 17:17,,,,,False,,,,,,,202608150423-KFWD-WWUS74-NPWFWD,Stalley,2026
FWD,2026-08-13 00:00,2026-08-14 01:00,2026-08-13 00:00,202608140100,HT,C,Y,24,CON,TXZ117,2358.543212890625,2026-08-13 19:21,,,,,False,,,,,,,202608130000-KFWD-WWUS74-NPWFWD,Prater,2026
FWD,2026-08-13 00:00,2026-08-15 01:00,2026-08-13 00:00,202608140100,HT,C,Y,24,CON,TXZ118,2325.8603515625,2026-08-14 17:42,,,,,False,,,,,,,202608130000-KFWD-WWUS74-NPWFWD,Prater,2026
FWD,2026-08-13 00:00,2026-08-15 01:00,2026-08-13 00:00,202608140100,HT,C,Y,24,CON,TXZ119,2354.464599609375,2026-08-14 17:42,,,,,False,,,,,,,202608130000-KFWD-WWUS74-NPWFWD,Prater,2026
FWD,2026-08-13 00:00,2026-08-15 01:00,2026-08-13 00:00,202608140100,HT,C,Y,24,CON,TXZ120,385.27215576171875,2026-08-14 17:42,,,,,False,,,,,,,202608130000-KFWD-WWUS74-NPWFWD,Prater,2026
FWD,2026-08-13 00:00,2026-08-15 01:00,2026-08-13 00:00,202608140100,HT,C,Y,24,CON,TXZ105,2285.79638671875,2026-08-14 17:42,,,,,False,,,,,,,202608130000-KFWD-WWUS74-NPWFWD,Prater,2026
FWD,2026-08-13 00:00,2026-08-15 01:00,2026-08-13 00:00,202608140100,HT,C,Y,24,CON,TXZ106,719.8109741210938,2026-08-14 17:42,,,,,False,,,,,,,202608130000-KFWD-WWUS74-NPWFWD,Prater,2026
FWD,2026-08-13 00:00,2026-08-15 01:00,2026-08-13 00:00,202608140100,HT,C,Y,24,CON,TXZ107,2054.214111328125,2026-08-14 17:42,,,,,False,,,,,,,202608130000-KFWD-WWUS74-NPWFWD,Prater,2026
FWD,2026-08-23 17:00,2026-08-23 04:34,2026-08-23 01:39,202608240200,HT,C,Y,28,UPG,TXZ095,2415.989013671875,2026-08-23 04:34,,,,,False,,,,,,,202608230139-KFWD-WWUS74-NPWFWD,Darrah,2026
FWD,2026-08-23 17:00,2026-08-23 04:34,2026-08-23 01:39,202608240200,HT,C,Y,28,UPG,TXZ129,2415.1904296875,2026-08-23 04:34,,,,,False,,,,,,,202608230139-KFWD-WWUS74-NPWFWD,Darrah,2026
FWD,2026-08-23 17:00,2026-08-23 04:34,2026-08-23 01:39,202608240200,HT,C,Y,28,UPG,TXZ135,2459.52685546875,2026-08-23 04:34,,,,,False,,,,,,,202608230139-KFWD-WWUS74-NPWFWD,Darrah,2026
FWD,2026-08-23 17:00,2026-08-23 04:34,2026-08-23 01:39,202608240200,HT,C,Y,28,UPG,TXZ141,2456.103271484375,2026-08-23 04:34,,,,,False,,,,,,,202608230139-KFWD-WWUS74-NPWFWD,Darrah,2026
FWD,2026-08-23 17:00,2026-08-23 04:34,2026-08-23 01:39,202608240200,HT,C,Y,28,UPG,TXZ142,1943.57666015625,2026-08-23 04:34,,,,,False,,,,,,,202608230139-KFWD-WWUS74-NPWFWD,Darrah,2026
FWD,2026-08-13 00:00,2026-08-15 01:00,2026-08-13 00:00,202608140100,HT,C,Y,24,CON,TXZ091,2431.44677734375,2026-08-14 17:42,,,,,False,,,,,,,202608130000-KFWD-WWUS74-NPWFWD,Prater,2026
FWD,2026-08-23 17:00,2026-08-23 04:34,2026-08-23 01:39,202608240200,HT,C,Y,28,UPG,TXZ143,2168.113037109375,2026-08-23 04:34,,,,,False,,,,,,,202608230139-KFWD-WWUS74-NPWFWD,Darrah,2026
FWD,2026-08-23 17:00,2026-08-23 04:34,2026-08-23 01:39,202608240200,HT,C,Y,28,UPG,TXZ147,2312.48291015625,2026-08-23 04:34,,,,,False,,,,,,,202608230139-KFWD-WWUS74-NPWFWD,Darrah,2026
FWD,2026-08-23 17:00,2026-08-23 04:34,2026-08-23 01:39,202608240200,HT,C,Y,28,UPG,TXZ148,2793.626953125,2026-08-23 04:34,,,,,False,,,,,,,202608230139-KFWD-WWUS74-NPWFWD,Darrah,2026
FWD,2026-08-23 17:00,2026-08-23 04:34,2026-08-23 01:39,202608240200,HT,C,Y,28,UPG,TXZ156,1850.7310791015625,2026-08-23 04:34,,,,,False,,,,,,,202608230139-KFWD-WWUS74-NPWFWD,Darrah,2026
FWD,2026-08-23 17:00,2026-08-23 04:34,2026-08-23 01:39,202608240200,HT,C,Y,28,UPG,TXZ157,2739.294677734375,2026-08-23 04:34,,,,,False,,,,,,,202608230139-KFWD-WWUS74-NPWFWD,Darrah,2026
FWD,2026-08-23 17:00,2026-08-23 04:34,2026-08-23 01:39,202608240200,HT,C,Y,28,UPG,TXZ158,2820.4619140625,2026-08-23 04:34,,,,,False,,,,,,,202608230139-KFWD-WWUS74-NPWFWD,Darrah,2026
FWD,2026-08-16 01:00,2026-08-18 17:00,2026-08-15 16:17,202608170100,HT,C,Y,25,EXP,TXZ100,2411.92529296875,2026-08-18 17:17,,,,,False,,,,,,,202608151617-KFWD-WWUS74-NPWFWD,Hernandez,2026
FWD,2026-08-16 01:00,2026-08-18 17:00,2026-08-15 16:17,202608170100,HT,C,Y,25,EXP,TXZ101,2384.284912109375,2026-08-18 17:17,,,,,False,,,,,,,202608151617-KFWD-WWUS74-NPWFWD,Hernandez,2026
FWD,2026-08-23 17:00,2026-08-23 04:34,2026-08-23 01:39,202608240200,HT,C,Y,28,UPG,TXZ160,2005.983642578125,2026-08-23 04:34,,,,,False,,,,,,,202608230139-KFWD-WWUS74-NPWFWD,Darrah,2026
FWD,2026-08-16 01:00,2026-08-18 17:00,2026-08-15 16:17,202608170100,HT,C,Y,25,EXP,TXZ130,2824.395263671875,2026-08-18 17:17,,,,,False,,,,,,,202608151617-KFWD-WWUS74-NPWFWD,Hernandez,2026
FWD,2026-08-15 17:00,2026-08-18 17:00,2026-08-15 04:23,202608160100,HT,C,Y,25,EXP,TXZ092,2328.731689453125,2026-08-18 17:17,,,,,False,,,,,,,202608150423-KFWD-WWUS74-NPWFWD,Stalley,2026
FWD,2026-08-23 17:00,2026-08-23 04:34,2026-08-23 01:39,202608240200,HT,C,Y,28,UPG,TXZ161,2418.9755859375,2026-08-23 04:34,,,,,False,,,,,,,202608230139-KFWD-WWUS74-NPWFWD,Darrah,2026
FWD,2026-08-15 17:00,2026-08-16 01:00,2026-08-15 04:23,202608160100,HT,C,Y,25,CON,TXZ144,2598.81591796875,2026-08-15 16:17,,,,,False,,,,,,,202608150423-KFWD-WWUS74-NPWFWD,Stalley,2026
FWD,2026-08-15 17:00,2026-08-16 01:00,2026-08-15 04:23,202608160100,HT,C,Y,25,CON,TXZ145,2554.8603515625,2026-08-15 16:17,,,,,False,,,,,,,202608150423-KFWD-WWUS74-NPWFWD,Stalley,2026
FWD,2026-08-15 17:00,2026-08-16 01:00,2026-08-15 04:23,202608160100,HT,C,Y,25,CON,TXZ147,2312.48291015625,2026-08-15 16:17,,,,,False,,,,,,,202608150423-KFWD-WWUS74-NPWFWD,Stalley,2026
FWD,2026-08-15 17:00,2026-08-16 01:00,2026-08-15 04:23,202608160100,HT,C,Y,25,CON,TXZ157,2739.294677734375,2026-08-15 16:17,,,,,False,,,,,,,202608150423-KFWD-WWUS74-NPWFWD,Stalley,2026
FWD,2026-08-15 17:00,2026-08-16 01:00,2026-08-15 04:23,202608160100,HT,C,Y,25,CON,TXZ158,2820.4619140625,2026-08-15 16:17,,,,,False,,,,,,,202608150423-KFWD-WWUS74-NPWFWD,Stalley,2026
FWD,2026-08-15 17:00,2026-08-16 01:00,2026-08-15 04:23,202608160100,HT,C,Y,25,CON,TXZ159,2748.083740234375,2026-08-15 16:17,,,,,False,,,,,,,202608150423-KFWD-WWUS74-NPWFWD,Stalley,2026
FWD,2026-08-15 17:00,2026-08-16 01:00,2026-08-15 04:23,202608160100,HT,C,Y,25,CON,TXZ160,2005.983642578125,2026-08-15 16:17,,,,,False,,,,,,,202608150423-KFWD-WWUS74-NPWFWD,Stalley,2026
FWD,2026-08-15 17:00,2026-08-16 01:00,2026-08-15 04:23,202608160100,HT,C,Y,25,CON,TXZ161,2418.9755859375,2026-08-15 16:17,,,,,False,,,,,,,202608150423-KFWD-WWUS74-NPWFWD,Stalley,2026
FWD,2026-08-15 17:00,2026-08-16 01:00,2026-08-15 04:23,202608160100,HT,C,Y,25,CON,TXZ162,2800.714111328125,2026-08-15 16:17,,,,,False,,,,,,,202608150423-KFWD-WWUS74-NPWFWD,Stalley,2026
FWD,2026-08-15 17:00,2026-08-16 01:00,2026-08-15 04:23,202608160100,HT,C,Y,25,CON,TXZ174,2648.720458984375,2026-08-15 16:17,,,,,False,,,,,,,202608150423-KFWD-WWUS74-NPWFWD,Stalley,2026
FWD,2026-08-15 17:00,2026-08-16 01:00,2026-08-15 04:23,202608160100,HT,C,Y,25,CON,TXZ175,2244.22119140625,2026-08-15 16:17,,,,,False,,,,,,,202608150423-KFWD-WWUS74-NPWFWD,Stalley,2026
FWD,2026-08-23 17:00,2026-08-23 04:34,2026-08-23 01:39,202608240200,HT,C,Y,28,UPG,TXZ162,2800.714111328125,2026-08-23 04:34,,,,,False,,,,,,,202608230139-KFWD-WWUS74-NPWFWD,Darrah,2026
FWD,2026-08-23 17:00,2026-08-23 04:34,2026-08-23 01:39,202608240200,HT,C,Y,28,UPG,TXZ174,2648.720458984375,2026-08-23 04:34,,,,,False,,,,,,,202608230139-KFWD-WWUS74-NPWFWD,Darrah,2026
FWD,2026-08-23 17:00,2026-08-23 04:34,2026-08-23 01:39,202608240200,HT,C,Y,28,UPG,TXZ175,2244.22119140625,2026-08-23 04:34,,,,,False,,,,,,,202608230139-KFWD-WWUS74-NPWFWD,Darrah,2026
FWD,2026-08-23 17:00,2026-08-25 02:00,2026-08-23 04:34,202608240200,XH,C,W,3,CON,TXZ161,2418.9755859375,2026-08-24 18:30,,,,,False,,,,,,,202608230434-KFWD-WWUS74-NPWFWD,Fenske,2026
FWD,2026-08-23 17:00,2026-08-26 02:00,2026-08-23 01:39,202608240200,XH,C,W,3,CON,TXZ120,385.27215576171875,2026-08-25 17:37,,,,,False,,,,,,,202608230139-KFWD-WWUS74-NPWFWD,Darrah,2026
FWD,2026-08-13 00:00,2026-08-15 01:00,2026-08-13 00:00,202608140100,HT,C,Y,24,CON,TXZ092,2328.731689453125,2026-08-14 17:42,,,,,False,,,,,,,202608130000-KFWD-WWUS74-NPWFWD,Prater,2026
FWD,2026-08-13 00:00,2026-08-15 01:00,2026-08-13 00:00,202608140100,HT,C,Y,24,CON,TXZ093,2537.125732421875,2026-08-14 17:42,,,,,False,,,,,,,202608130000-KFWD-WWUS74-NPWFWD,Prater,2026
FWD,2026-08-22 07:23,2026-08-23 01:00,2026-08-22 07:23,202608230100,HT,C,Y,26,CON,TXZ091,2431.44677734375,2026-08-22 16:15,,,,,False,,,,,,,202608220723-KFWD-WWUS74-NPWFWD,Hernandez,2026
FWD,2026-08-26 02:00,2026-08-28 01:00,2026-08-25 17:37,202608270200,HT,C,Y,29,CON,TXZ121,2091.041015625,2026-08-27 18:02,,,,,False,,,,,,,202608251737-KFWD-WWUS74-NPWFWD,Bonnette,2026
FWD,2026-08-26 02:00,2026-08-28 01:00,2026-08-25 17:37,202608270200,HT,C,Y,29,CON,TXZ120,385.27215576171875,2026-08-27 18:02,,,,,False,,,,,,,202608251737-KFWD-WWUS74-NPWFWD,Bonnette,2026
FWD,2026-08-26 02:00,2026-08-28 01:00,2026-08-25 17:37,202608270200,HT,C,Y,29,CON,TXZ144,2598.81591796875,2026-08-27 18:02,,,,,False,,,,,,,202608251737-KFWD-WWUS74-NPWFWD,Bonnette,2026
FWD,2026-08-26 02:00,2026-08-28 01:00,2026-08-25 17:37,202608270200,HT,C,Y,29,CON,TXZ145,2554.8603515625,2026-08-27 18:02,,,,,False,,,,,,,202608251737-KFWD-WWUS74-NPWFWD,Bonnette,2026
FWD,2026-08-26 02:00,2026-08-28 01:00,2026-08-25 17:37,202608270200,HT,C,Y,29,CON,TXZ146,2815.175537109375,2026-08-27 18:02,,,,,False,,,,,,,202608251737-KFWD-WWUS74-NPWFWD,Bonnette,2026
FWD,2026-08-18 17:00,2026-08-19 16:26,2026-08-17 17:45,202608190100,XH,C,W,2,CAN,TXZ129,2415.1904296875,2026-08-19 16:26,,,,,False,,,,,,,202608171745-KFWD-WWUS74-NPWFWD,Hernandez,2026
FWD,2026-08-18 17:00,2026-08-19 16:26,2026-08-17 17:45,202608190100,XH,C,W,2,CAN,TXZ130,2824.395263671875,2026-08-19 16:26,,,,,False,,,,,,,202608171745-KFWD-WWUS74-NPWFWD,Hernandez,2026
FWD,2026-08-17 17:00,2026-08-23 01:00,2026-08-16 17:41,202608180100,HT,C,Y,26,CON,TXZ161,2418.9755859375,2026-08-22 16:15,,,,,False,,,,,,,202608161741-KFWD-WWUS74-NPWFWD,Hernandez,2026
FWD,2026-08-12 18:00,2026-08-14 01:00,2026-08-12 17:23,202608140100,HT,C,Y,24,CON,TXZ115,2388.110107421875,2026-08-13 19:21,,,,,False,,,,,,,202608121723-KFWD-WWUS74-NPWFWD,JLDunn,2026
FWD,2026-08-12 18:00,2026-08-14 01:00,2026-08-12 17:23,202608140100,HT,C,Y,24,CON,TXZ116,2553.9892578125,2026-08-13 19:21,,,,,False,,,,,,,202608121723-KFWD-WWUS74-NPWFWD,JLDunn,2026
FWD,2026-08-13 00:00,2026-08-15 01:00,2026-08-13 00:00,202608140100,HT,C,Y,24,CON,TXZ121,2091.041015625,2026-08-14 17:42,,,,,False,,,,,,,202608130000-KFWD-WWUS74-NPWFWD,Prater,2026
FWD,2026-08-13 00:00,2026-08-15 01:00,2026-08-13 00:00,202608140100,HT,C,Y,24,CON,TXZ122,2227.31298828125,2026-08-14 17:42,,,,,False,,,,,,,202608130000-KFWD-WWUS74-NPWFWD,Prater,2026
FWD,2026-08-13 00:00,2026-08-15 01:00,2026-08-13 00:00,202608140100,HT,C,Y,24,CON,TXZ123,670.7362060546875,2026-08-14 17:42,,,,,False,,,,,,,202608130000-KFWD-WWUS74-NPWFWD,Prater,2026
FWD,2026-08-13 00:00,2026-08-15 01:00,2026-08-13 00:00,202608140100,HT,C,Y,24,CON,TXZ095,2415.989013671875,2026-08-14 17:42,,,,,False,,,,,,,202608130000-KFWD-WWUS74-NPWFWD,Prater,2026
FWD,2026-08-13 00:00,2026-08-15 01:00,2026-08-13 00:00,202608140100,HT,C,Y,24,CON,TXZ102,2391.205078125,2026-08-14 17:42,,,,,False,,,,,,,202608130000-KFWD-WWUS74-NPWFWD,Prater,2026
FWD,2026-08-13 00:00,2026-08-15 01:00,2026-08-13 00:00,202608140100,HT,C,Y,24,CON,TXZ103,2481.98583984375,2026-08-14 17:42,,,,,False,,,,,,,202608130000-KFWD-WWUS74-NPWFWD,Prater,2026
FWD,2026-08-13 00:00,2026-08-15 01:00,2026-08-13 00:00,202608140100,HT,C,Y,24,CON,TXZ104,2295.47705078125,2026-08-14 17:42,,,,,False,,,,,,,202608130000-KFWD-WWUS74-NPWFWD,Prater,2026
FWD,2026-08-16 01:00,2026-08-18 17:00,2026-08-15 16:17,202608170100,HT,C,Y,25,EXP,TXZ116,2553.9892578125,2026-08-18 17:17,,,,,False,,,,,,,202608151617-KFWD-WWUS74-NPWFWD,Hernandez,2026
FWD,2026-08-15 17:00,2026-08-18 17:00,2026-08-15 04:23,202608160100,HT,C,Y,25,EXP,TXZ103,2481.98583984375,2026-08-18 17:17,,,,,False,,,,,,,202608150423-KFWD-WWUS74-NPWFWD,Stalley,2026
FWD,2026-08-15 17:00,2026-08-18 17:00,2026-08-15 04:23,202608160100,HT,C,Y,25,EXP,TXZ094,2329.727294921875,2026-08-18 17:17,,,,,False,,,,,,,202608150423-KFWD-WWUS74-NPWFWD,Stalley,2026
FWD,2026-08-15 17:00,2026-08-18 17:00,2026-08-15 04:23,202608160100,HT,C,Y,25,EXP,TXZ095,2415.989013671875,2026-08-18 17:17,,,,,False,,,,,,,202608150423-KFWD-WWUS74-NPWFWD,Stalley,2026
FWD,2026-08-15 17:00,2026-08-18 17:00,2026-08-15 04:23,202608160100,HT,C,Y,25,EXP,TXZ102,2391.205078125,2026-08-18 17:17,,,,,False,,,,,,,202608150423-KFWD-WWUS74-NPWFWD,Stalley,2026
FWD,2026-08-15 17:00,2026-08-18 17:00,2026-08-15 04:23,202608160100,HT,C,Y,25,EXP,TXZ131,1131.8604736328125,2026-08-18 17:17,,,,,False,,,,,,,202608150423-KFWD-WWUS74-NPWFWD,Stalley,2026
FWD,2026-08-18 17:00,2026-08-22 16:15,2026-08-17 17:45,202608190100,XH,C,W,2,CAN,TXZ104,2295.47705078125,2026-08-22 16:15,,,,,False,,,,,,,202608171745-KFWD-WWUS74-NPWFWD,Hernandez,2026
FWD,2026-08-22 16:15,2026-08-23 01:00,2026-08-22 16:15,202608230100,HT,C,Y,27,EXA,TXZ101,2384.284912109375,2026-08-22 16:15,,,,,False,,,,,,,202608221615-KFWD-WWUS74-NPWFWD,Shamburger,2026
FWD,2026-08-22 16:15,2026-08-23 01:00,2026-08-22 16:15,202608230100,HT,C,Y,27,EXA,TXZ102,2391.205078125,2026-08-22 16:15,,,,,False,,,,,,,202608221615-KFWD-WWUS74-NPWFWD,Shamburger,2026
FWD,2026-08-22 16:15,2026-08-23 01:00,2026-08-22 16:15,202608230100,HT,C,Y,27,EXA,TXZ103,2481.98583984375,2026-08-22 16:15,,,,,False,,,,,,,202608221615-KFWD-WWUS74-NPWFWD,Shamburger,2026
FWD,2026-08-22 16:15,2026-08-23 01:00,2026-08-22 16:15,202608230100,HT,C,Y,27,EXA,TXZ104,2295.47705078125,2026-08-22 16:15,,,,,False,,,,,,,202608221615-KFWD-WWUS74-NPWFWD,Shamburger,2026
FWD,2026-08-18 17:00,2026-08-23 01:00,2026-08-17 17:45,202608190100,XH,C,W,2,CON,TXZ116,2553.9892578125,2026-08-22 16:15,,,,,False,,,,,,,202608171745-KFWD-WWUS74-NPWFWD,Hernandez,2026
FWD,2026-08-18 17:00,2026-08-23 01:00,2026-08-17 17:45,202608190100,XH,C,W,2,CON,TXZ117,2358.543212890625,2026-08-22 16:15,,,,,False,,,,,,,202608171745-KFWD-WWUS74-NPWFWD,Hernandez,2026
FWD,2026-08-18 17:00,2026-08-23 01:00,2026-08-17 17:45,202608190100,XH,C,W,2,CON,TXZ118,2325.8603515625,2026-08-22 16:15,,,,,False,,,,,,,202608171745-KFWD-WWUS74-NPWFWD,Hernandez,2026
FWD,2026-08-18 17:00,2026-08-23 01:00,2026-08-17 17:45,202608190100,XH,C,W,2,CON,TXZ119,2354.464599609375,2026-08-22 16:15,,,,,False,,,,,,,202608171745-KFWD-WWUS74-NPWFWD,Hernandez,2026
FWD,2026-08-18 17:00,2026-08-23 01:00,2026-08-17 17:45,202608190100,XH,C,W,2,CON,TXZ120,385.27215576171875,2026-08-22 16:15,,,,,False,,,,,,,202608171745-KFWD-WWUS74-NPWFWD,Hernandez,2026
FWD,2026-08-18 17:00,2026-08-23 01:00,2026-08-17 17:45,202608190100,XH,C,W,2,CON,TXZ121,2091.041015625,2026-08-22 16:15,,,,,False,,,,,,,202608171745-KFWD-WWUS74-NPWFWD,Hernandez,2026
FWD,2026-08-18 17:00,2026-08-23 01:00,2026-08-17 17:45,202608190100,XH,C,W,2,CON,TXZ131,1131.8604736328125,2026-08-22 16:15,,,,,False,,,,,,,202608171745-KFWD-WWUS74-NPWFWD,Hernandez,2026
FWD,2026-08-18 17:00,2026-08-23 01:00,2026-08-17 17:45,202608190100,XH,C,W,2,CON,TXZ132,497.27447509765625,2026-08-22 16:15,,,,,False,,,,,,,202608171745-KFWD-WWUS74-NPWFWD,Hernandez,2026
FWD,2026-08-18 17:00,2026-08-23 01:00,2026-08-17 17:45,202608190100,XH,C,W,2,CON,TXZ133,1903.355712890625,2026-08-22 16:15,,,,,False,,,,,,,202608171745-KFWD-WWUS74-NPWFWD,Hernandez,2026
FWD,2026-08-18 17:00,2026-08-23 01:00,2026-08-17 17:45,202608190100,XH,C,W,2,CON,TXZ134,2466.30029296875,2026-08-22 16:15,,,,,False,,,,,,,202608171745-KFWD-WWUS74-NPWFWD,Hernandez,2026
FWD,2026-08-18 17:00,2026-08-23 01:00,2026-08-17 17:45,202608190100,XH,C,W,2,CON,TXZ100,2411.92529296875,2026-08-22 16:15,,,,,False,,,,,,,202608171745-KFWD-WWUS74-NPWFWD,Hernandez,2026
FWD,2026-08-22 07:23,2026-08-23 01:00,2026-08-22 07:23,202608230100,HT,C,Y,26,CON,TXZ092,2328.731689453125,2026-08-22 16:15,,,,,False,,,,,,,202608220723-KFWD-WWUS74-NPWFWD,Hernandez,2026
FWD,2026-08-17 17:00,2026-08-23 01:00,2026-08-16 17:41,202608180100,HT,C,Y,26,CON,TXZ144,2598.81591796875,2026-08-22 16:15,,,,,False,,,,,,,202608161741-KFWD-WWUS74-NPWFWD,Hernandez,2026
FWD,2026-08-18 17:00,2026-08-23 01:00,2026-08-17 17:45,202608190100,HT,C,Y,27,CON,TXZ174,2648.720458984375,2026-08-22 16:15,,,,,False,,,,,,,202608171745-KFWD-WWUS74-NPWFWD,Hernandez,2026
FWD,2026-08-22 01:00,2026-08-23 01:00,2026-08-21 17:51,202608230100,HT,C,Y,27,CON,TXZ105,2285.79638671875,2026-08-22 16:15,,,,,False,,,,,,,202608211751-KFWD-WWUS74-NPWFWD,Shamburger,2026
FWD,2026-08-22 01:00,2026-08-23 01:00,2026-08-21 17:51,202608230100,HT,C,Y,27,CON,TXZ107,2054.214111328125,2026-08-22 16:15,,,,,False,,,,,,,202608211751-KFWD-WWUS74-NPWFWD,Shamburger,2026
FWD,2026-08-22 01:00,2026-08-23 01:00,2026-08-21 17:51,202608230100,HT,C,Y,27,CON,TXZ122,2227.31298828125,2026-08-22 16:15,,,,,False,,,,,,,202608211751-KFWD-WWUS74-NPWFWD,Shamburger,2026
FWD,2026-08-22 01:00,2026-08-23 01:00,2026-08-21 17:51,202608230100,HT,C,Y,27,CON,TXZ123,670.7362060546875,2026-08-22 16:15,,,,,False,,,,,,,202608211751-KFWD-WWUS74-NPWFWD,Shamburger,2026
FWD,2026-08-21 17:23,2026-08-23 01:00,2026-08-21 17:23,202608220100,HT,C,Y,27,CON,TXZ093,2537.125732421875,2026-08-22 16:15,,,,,False,,,,,,,202608211723-KFWD-WWUS74-NPWFWD,Shamburger,2026
FWD,2026-08-21 17:23,2026-08-23 01:00,2026-08-21 17:23,202608220100,HT,C,Y,27,CON,TXZ094,2329.727294921875,2026-08-22 16:15,,,,,False,,,,,,,202608211723-KFWD-WWUS74-NPWFWD,Shamburger,2026
FWD,2026-08-21 17:23,2026-08-23 01:00,2026-08-21 17:23,202608220100,HT,C,Y,27,CON,TXZ095,2415.989013671875,2026-08-22 16:15,,,,,False,,,,,,,202608211723-KFWD-WWUS74-NPWFWD,Shamburger,2026
FWD,2026-08-21 17:23,2026-08-23 01:00,2026-08-21 17:23,202608220100,HT,C,Y,27,CON,TXZ106,719.8109741210938,2026-08-22 16:15,,,,,False,,,,,,,202608211723-KFWD-WWUS74-NPWFWD,Shamburger,2026
FWD,2026-08-18 17:00,2026-08-23 01:00,2026-08-17 17:45,202608190100,HT,C,Y,27,CON,TXZ141,2456.103271484375,2026-08-22 16:15,,,,,False,,,,,,,202608171745-KFWD-WWUS74-NPWFWD,Hernandez,2026
FWD,2026-08-18 17:00,2026-08-23 01:00,2026-08-17 17:45,202608190100,HT,C,Y,27,CON,TXZ157,2739.294677734375,2026-08-22 16:15,,,,,False,,,,,,,202608171745-KFWD-WWUS74-NPWFWD,Hernandez,2026
FWD,2026-08-18 17:00,2026-08-23 01:00,2026-08-17 17:45,202608190100,HT,C,Y,27,CON,TXZ142,1943.57666015625,2026-08-22 16:15,,,,,False,,,,,,,202608171745-KFWD-WWUS74-NPWFWD,Hernandez,2026
FWD,2026-08-18 17:00,2026-08-23 01:00,2026-08-17 17:45,202608190100,HT,C,Y,27,CON,TXZ143,2168.113037109375,2026-08-22 16:15,,,,,False,,,,,,,202608171745-KFWD-WWUS74-NPWFWD,Hernandez,2026
FWD,2026-08-18 17:00,2026-08-23 01:00,2026-08-17 17:45,202608190100,HT,C,Y,27,CON,TXZ156,1850.7310791015625,2026-08-22 16:15,,,,,False,,,,,,,202608171745-KFWD-WWUS74-NPWFWD,Hernandez,2026
FWD,2026-08-18 17:00,2026-08-23 01:00,2026-08-17 17:45,202608190100,HT,C,Y,27,CON,TXZ158,2820.4619140625,2026-08-22 16:15,,,,,False,,,,,,,202608171745-KFWD-WWUS74-NPWFWD,Hernandez,2026
FWD,2026-08-19 16:26,2026-08-23 01:00,2026-08-19 16:26,202608210100,HT,C,Y,27,CON,TXZ129,2415.1904296875,2026-08-22 16:15,,,,,False,,,,,,,202608191626-KFWD-WWUS74-NPWFWD,Barnes,2026
FWD,2026-08-15 17:00,2026-08-23 01:00,2026-08-15 04:23,202608160100,HT,C,Y,25,CON,TXZ148,2793.626953125,2026-08-22 16:15,,,,,False,,,,,,,202608150423-KFWD-WWUS74-NPWFWD,Stalley,2026
FWD,2026-08-15 17:00,2026-08-23 01:00,2026-08-15 04:23,202608160100,HT,C,Y,25,CON,TXZ146,2815.175537109375,2026-08-22 16:15,,,,,False,,,,,,,202608150423-KFWD-WWUS74-NPWFWD,Stalley,2026
FWD,2026-08-15 17:00,2026-08-23 01:00,2026-08-15 04:23,202608160100,HT,C,Y,25,CON,TXZ135,2459.52685546875,2026-08-22 16:15,,,,,False,,,,,,,202608150423-KFWD-WWUS74-NPWFWD,Stalley,2026
FWD,2026-08-18 17:00,2026-08-22 16:15,2026-08-17 17:45,202608190100,XH,C,W,2,CAN,TXZ101,2384.284912109375,2026-08-22 16:15,,,,,False,,,,,,,202608171745-KFWD-WWUS74-NPWFWD,Hernandez,2026
FWD,2026-08-14 05:53,2026-08-15 01:00,2026-08-14 05:53,202608150100,HT,C,Y,24,CON,TXZ135,2459.52685546875,2026-08-14 17:42,,,,,False,,,,,,,202608140553-KFWD-WWUS74-NPWFWD,,2026
FWD,2026-08-14 05:53,2026-08-15 01:00,2026-08-14 05:53,202608150100,HT,C,Y,24,CON,TXZ144,2598.81591796875,2026-08-14 17:42,,,,,False,,,,,,,202608140553-KFWD-WWUS74-NPWFWD,,2026
FWD,2026-08-14 05:53,2026-08-15 01:00,2026-08-14 05:53,202608150100,HT,C,Y,24,CON,TXZ145,2554.8603515625,2026-08-14 17:42,,,,,False,,,,,,,202608140553-KFWD-WWUS74-NPWFWD,,2026
FWD,2026-08-14 05:53,2026-08-15 01:00,2026-08-14 05:53,202608150100,HT,C,Y,24,CON,TXZ146,2815.175537109375,2026-08-14 17:42,,,,,False,,,,,,,202608140553-KFWD-WWUS74-NPWFWD,,2026
FWD,2026-08-14 05:53,2026-08-15 01:00,2026-08-14 05:53,202608150100,HT,C,Y,24,CON,TXZ133,1903.355712890625,2026-08-14 17:42,,,,,False,,,,,,,202608140553-KFWD-WWUS74-NPWFWD,,2026
FWD,2026-08-14 05:53,2026-08-15 01:00,2026-08-14 05:53,202608150100,HT,C,Y,24,CON,TXZ134,2466.30029296875,2026-08-14 17:42,,,,,False,,,,,,,202608140553-KFWD-WWUS74-NPWFWD,,2026
FWD,2026-08-17 17:00,2026-08-23 01:00,2026-08-16 17:41,202608180100,HT,C,Y,26,CON,TXZ162,2800.714111328125,2026-08-22 16:15,,,,,False,,,,,,,202608161741-KFWD-WWUS74-NPWFWD,Hernandez,2026
FWD,2026-08-23 17:00,2026-08-26 02:00,2026-08-23 04:34,202608240200,XH,C,W,3,CON,TXZ129,2415.1904296875,2026-08-25 17:37,,,,,False,,,,,,,202608230434-KFWD-WWUS74-NPWFWD,Fenske,2026
FWD,2026-08-23 17:00,2026-08-25 02:00,2026-08-23 04:34,202608240200,XH,C,W,3,CON,TXZ162,2800.714111328125,2026-08-24 18:30,,,,,False,,,,,,,202608230434-KFWD-WWUS74-NPWFWD,Fenske,2026
FWD,2026-08-23 17:00,2026-08-25 02:00,2026-08-23 04:34,202608240200,XH,C,W,3,CON,TXZ147,2312.48291015625,2026-08-24 18:30,,,,,False,,,,,,,202608230434-KFWD-WWUS74-NPWFWD,Fenske,2026
FWD,2026-08-13 00:00,2026-08-15 01:00,2026-08-13 00:00,202608140100,HT,C,Y,24,CON,TXZ094,2329.727294921875,2026-08-14 17:42,,,,,False,,,,,,,202608130000-KFWD-WWUS74-NPWFWD,Prater,2026
FWD,2026-08-14 05:53,2026-08-15 01:00,2026-08-14 05:53,202608150100,HT,C,Y,24,CON,TXZ147,2312.48291015625,2026-08-14 17:42,,,,,False,,,,,,,202608140553-KFWD-WWUS74-NPWFWD,,2026
FWD,2026-08-14 05:53,2026-08-15 01:00,2026-08-14 05:53,202608150100,HT,C,Y,24,CON,TXZ148,2793.626953125,2026-08-14 17:42,,,,,False,,,,,,,202608140553-KFWD-WWUS74-NPWFWD,,2026
FWD,2026-08-14 05:53,2026-08-15 01:00,2026-08-14 05:53,202608150100,HT,C,Y,24,CON,TXZ157,2739.294677734375,2026-08-14 17:42,,,,,False,,,,,,,202608140553-KFWD-WWUS74-NPWFWD,,2026
FWD,2026-08-14 05:53,2026-08-15 01:00,2026-08-14 05:53,202608150100,HT,C,Y,24,CON,TXZ158,2820.4619140625,2026-08-14 17:42,,,,,False,,,,,,,202608140553-KFWD-WWUS74-NPWFWD,,2026
FWD,2026-08-14 05:53,2026-08-15 01:00,2026-08-14 05:53,202608150100,HT,C,Y,24,CON,TXZ159,2748.083740234375,2026-08-14 17:42,,,,,False,,,,,,,202608140553-KFWD-WWUS74-NPWFWD,,2026
FWD,2026-08-14 05:53,2026-08-15 01:00,2026-08-14 05:53,202608150100,HT,C,Y,24,CON,TXZ160,2005.983642578125,2026-08-14 17:42,,,,,False,,,,,,,202608140553-KFWD-WWUS74-NPWFWD,,2026
FWD,2026-08-14 05:53,2026-08-15 01:00,2026-08-14 05:53,202608150100,HT,C,Y,24,CON,TXZ161,2418.9755859375,2026-08-14 17:42,,,,,False,,,,,,,202608140553-KFWD-WWUS74-NPWFWD,,2026
FWD,2026-08-14 05:53,2026-08-15 01:00,2026-08-14 05:53,202608150100,HT,C,Y,24,CON,TXZ162,2800.714111328125,2026-08-14 17:42,,,,,False,,,,,,,202608140553-KFWD-WWUS74-NPWFWD,,2026
FWD,2026-08-14 05:53,2026-08-15 01:00,2026-08-14 05:53,202608150100,HT,C,Y,24,CON,TXZ174,2648.720458984375,2026-08-14 17:42,,,,,False,,,,,,,202608140553-KFWD-WWUS74-NPWFWD,,2026
FWD,2026-08-14 05:53,2026-08-15 01:00,2026-08-14 05:53,202608150100,HT,C,Y,24,CON,TXZ175,2244.22119140625,2026-08-14 17:42,,,,,False,,,,,,,202608140553-KFWD-WWUS74-NPWFWD,,2026
FWD,2026-08-23 17:00,2026-08-26 02:00,2026-08-23 01:39,202608240200,XH,C,W,3,CON,TXZ133,1903.355712890625,2026-08-25 17:37,,,,,False,,,,,,,202608230139-KFWD-WWUS74-NPWFWD,Darrah,2026
FWD,2026-08-23 17:00,2026-08-25 02:00,2026-08-23 04:34,202608240200,XH,C,W,3,CON,TXZ175,2244.22119140625,2026-08-24 18:30,,,,,False,,,,,,,202608230434-KFWD-WWUS74-NPWFWD,Fenske,2026
FWD,2026-08-23 17:00,2026-08-25 02:00,2026-08-23 01:39,202608240200,XH,C,W,3,CON,TXZ106,719.8109741210938,2026-08-24 18:30,,,,,False,,,,,,,202608230139-KFWD-WWUS74-NPWFWD,Darrah,2026
FWD,2026-08-23 17:00,2026-08-25 02:00,2026-08-23 01:39,202608240200,XH,C,W,3,CON,TXZ107,2054.214111328125,2026-08-24 18:30,,,,,False,,,,,,,202608230139-KFWD-WWUS74-NPWFWD,Darrah,2026
FWD,2026-08-23 17:00,2026-08-25 02:00,2026-08-23 04:34,202608240200,XH,C,W,3,CON,TXZ158,2820.4619140625,2026-08-24 18:30,,,,,False,,,,,,,202608230434-KFWD-WWUS74-NPWFWD,Fenske,2026
FWD,2026-08-23 17:00,2026-08-25 02:00,2026-08-23 04:34,202608240200,XH,C,W,3,CON,TXZ160,2005.983642578125,2026-08-24 18:30,,,,,False,,,,,,,202608230434-KFWD-WWUS74-NPWFWD,Fenske,2026
FWD,2026-08-23 17:00,2026-08-25 02:00,2026-08-23 04:34,202608240200,XH,C,W,3,CON,TXZ174,2648.720458984375,2026-08-24 18:30,,,,,False,,,,,,,202608230434-KFWD-WWUS74-NPWFWD,Fenske,2026
FWD,2026-08-17 17:00,2026-08-23 01:00,2026-08-16 17:41,202608180100,HT,C,Y,26,CON,TXZ175,2244.22119140625,2026-08-22 16:15,,,,,False,,,,,,,202608161741-KFWD-WWUS74-NPWFWD,Hernandez,2026
FWD,2026-08-17 17:00,2026-08-23 01:00,2026-08-16 17:41,202608180100,HT,C,Y,26,CON,TXZ145,2554.8603515625,2026-08-22 16:15,,,,,False,,,,,,,202608161741-KFWD-WWUS74-NPWFWD,Hernandez,2026
FWD,2026-08-15 17:00,2026-08-18 17:00,2026-08-15 04:23,202608160100,HT,C,Y,25,EXP,TXZ117,2358.543212890625,2026-08-18 17:17,,,,,False,,,,,,,202608150423-KFWD-WWUS74-NPWFWD,Stalley,2026
FWD,2026-08-15 17:00,2026-08-18 17:00,2026-08-15 04:23,202608160100,HT,C,Y,25,EXP,TXZ118,2325.8603515625,2026-08-18 17:17,,,,,False,,,,,,,202608150423-KFWD-WWUS74-NPWFWD,Stalley,2026
FWD,2026-08-23 17:00,2026-08-26 02:00,2026-08-23 01:39,202608240200,XH,C,W,3,CON,TXZ121,2091.041015625,2026-08-25 17:37,,,,,False,,,,,,,202608230139-KFWD-WWUS74-NPWFWD,Darrah,2026
FWD,2026-08-23 17:00,2026-08-26 02:00,2026-08-23 01:39,202608240200,XH,C,W,3,CON,TXZ130,2824.395263671875,2026-08-25 17:37,,,,,False,,,,,,,202608230139-KFWD-WWUS74-NPWFWD,Darrah,2026
FWD,2026-08-23 17:00,2026-08-26 02:00,2026-08-23 01:39,202608240200,XH,C,W,3,CON,TXZ131,1131.8604736328125,2026-08-25 17:37,,,,,False,,,,,,,202608230139-KFWD-WWUS74-NPWFWD,Darrah,2026
FWD,2026-08-18 17:00,2026-08-22 07:23,2026-08-17 17:45,202608190100,XH,C,W,2,CAN,TXZ091,2431.44677734375,2026-08-22 07:23,,,,,False,,,,,,,202608171745-KFWD-WWUS74-NPWFWD,Hernandez,2026
FWD,2026-08-15 17:00,2026-08-18 17:00,2026-08-15 04:23,202608160100,HT,C,Y,25,EXP,TXZ122,2227.31298828125,2026-08-18 17:17,,,,,False,,,,,,,202608150423-KFWD-WWUS74-NPWFWD,Stalley,2026
FWD,2026-08-25 02:00,2026-08-28 01:00,2026-08-24 18:30,202608260200,HT,C,Y,29,CON,TXZ160,2005.983642578125,2026-08-27 18:02,,,,,False,,,,,,,202608241830-KFWD-WWUS74-NPWFWD,Bonnette,2026
FWD,2026-08-23 17:00,2026-08-25 02:00,2026-08-23 04:34,202608240200,XH,C,W,3,CON,TXZ095,2415.989013671875,2026-08-24 18:30,,,,,False,,,,,,,202608230434-KFWD-WWUS74-NPWFWD,Fenske,2026
FWD,2026-08-23 17:00,2026-08-25 02:00,2026-08-23 04:34,202608240200,XH,C,W,3,CON,TXZ135,2459.52685546875,2026-08-24 18:30,,,,,False,,,,,,,202608230434-KFWD-WWUS74-NPWFWD,Fenske,2026
FWD,2026-08-28 00:47,2026-08-28 01:15,2026-08-28 00:47,202608280115,SV,C,W,247,EXP,TXC093,2456.103271484375,2026-08-28 01:05,,,,,False,,,,,,,202608280047-KFWD-WUUS54-SVRFWD,Darrah,2026
FWD,2026-08-28 00:47,2026-08-28 01:15,2026-08-28 00:47,202608280115,SV,C,W,247,EXP,TXC133,2415.1904296875,2026-08-28 01:05,,,,,False,,,,,,,202608280047-KFWD-WUUS54-SVRFWD,Darrah,2026
FWD,2026-08-18 17:00,2026-08-21 17:23,2026-08-17 17:45,202608190100,XH,C,W,2,CAN,TXZ094,2329.727294921875,2026-08-21 17:23,,,,,False,,,,,,,202608171745-KFWD-WWUS74-NPWFWD,Hernandez,2026
FWD,2026-08-18 17:00,2026-08-21 17:23,2026-08-17 17:45,202608190100,XH,C,W,2,CAN,TXZ106,719.8109741210938,2026-08-21 17:23,,,,,False,,,,,,,202608171745-KFWD-WWUS74-NPWFWD,Hernandez,2026
FWD,2026-08-17 17:00,2026-08-23 01:00,2026-08-16 17:41,202608180100,HT,C,Y,26,CON,TXZ160,2005.983642578125,2026-08-22 16:15,,,,,False,,,,,,,202608161741-KFWD-WWUS74-NPWFWD,Hernandez,2026
FWD,2026-08-17 17:00,2026-08-23 01:00,2026-08-16 17:41,202608180100,HT,C,Y,26,CON,TXZ147,2312.48291015625,2026-08-22 16:15,,,,,False,,,,,,,202608161741-KFWD-WWUS74-NPWFWD,Hernandez,2026
FWD,2026-08-17 17:00,2026-08-23 01:00,2026-08-16 17:41,202608180100,HT,C,Y,26,CON,TXZ159,2748.083740234375,2026-08-22 16:15,,,,,False,,,,,,,202608161741-KFWD-WWUS74-NPWFWD,Hernandez,2026
FWD,2026-08-23 17:00,2026-08-25 02:00,2026-08-23 04:34,202608240200,XH,C,W,3,CON,TXZ148,2793.626953125,2026-08-24 18:30,,,,,False,,,,,,,202608230434-KFWD-WWUS74-NPWFWD,Fenske,2026
FWD,2026-08-18 17:00,2026-08-21 17:23,2026-08-17 17:45,202608190100,XH,C,W,2,CAN,TXZ095,2415.989013671875,2026-08-21 17:23,,,,,False,,,,,,,202608171745-KFWD-WWUS74-NPWFWD,Hernandez,2026
FWD,2026-08-22 01:00,2026-08-23 01:00,2026-08-21 17:51,202608230100,XH,C,W,2,CON,TXZ130,2824.395263671875,2026-08-22 16:15,,,,,False,,,,,,,202608211751-KFWD-WWUS74-NPWFWD,Shamburger,2026
FWD,2026-08-19 16:26,2026-08-22 01:00,2026-08-19 16:26,202608210100,HT,C,Y,27,CON,TXZ130,2824.395263671875,2026-08-21 17:51,,,,,False,,,,,,,202608191626-KFWD-WWUS74-NPWFWD,Barnes,2026
FWD,2026-08-18 17:00,2026-08-23 01:00,2026-08-17 17:45,202608190100,XH,C,W,2,CON,TXZ115,2388.110107421875,2026-08-22 16:15,,,,,False,,,,,,,202608171745-KFWD-WWUS74-NPWFWD,Hernandez,2026
FWD,2026-08-18 17:00,2026-08-22 16:15,2026-08-17 17:45,202608190100,XH,C,W,2,CAN,TXZ102,2391.205078125,2026-08-22 16:15,,,,,False,,,,,,,202608171745-KFWD-WWUS74-NPWFWD,Hernandez,2026
FWD,2026-08-18 17:00,2026-08-22 16:15,2026-08-17 17:45,202608190100,XH,C,W,2,CAN,TXZ103,2481.98583984375,2026-08-22 16:15,,,,,False,,,,,,,202608171745-KFWD-WWUS74-NPWFWD,Hernandez,2026
FWD,2026-08-18 17:00,2026-08-22 01:00,2026-08-17 17:45,202608190100,XH,C,W,2,CON,TXZ105,2285.79638671875,2026-08-21 17:51,,,,,False,,,,,,,202608171745-KFWD-WWUS74-NPWFWD,Hernandez,2026
FWD,2026-08-18 17:00,2026-08-22 01:00,2026-08-17 17:45,202608190100,XH,C,W,2,CON,TXZ107,2054.214111328125,2026-08-21 17:51,,,,,False,,,,,,,202608171745-KFWD-WWUS74-NPWFWD,Hernandez,2026
FWD,2026-08-18 17:00,2026-08-22 01:00,2026-08-17 17:45,202608190100,XH,C,W,2,CON,TXZ122,2227.31298828125,2026-08-21 17:51,,,,,False,,,,,,,202608171745-KFWD-WWUS74-NPWFWD,Hernandez,2026
FWD,2026-08-18 17:00,2026-08-22 01:00,2026-08-17 17:45,202608190100,XH,C,W,2,CON,TXZ123,670.7362060546875,2026-08-21 17:51,,,,,False,,,,,,,202608171745-KFWD-WWUS74-NPWFWD,Hernandez,2026
FWD,2026-08-23 17:00,2026-08-26 02:00,2026-08-23 04:34,202608240200,XH,C,W,3,CON,TXZ141,2456.103271484375,2026-08-25 17:37,,,,,False,,,,,,,202608230434-KFWD-WWUS74-NPWFWD,Fenske,2026
FWD,2026-08-26 02:00,2026-08-28 01:00,2026-08-25 17:37,202608270200,HT,C,Y,29,CON,TXZ159,2748.083740234375,2026-08-27 18:02,,,,,False,,,,,,,202608251737-KFWD-WWUS74-NPWFWD,Bonnette,2026
FWD,2026-08-23 17:00,2026-08-26 02:00,2026-08-23 04:34,202608240200,XH,C,W,3,CON,TXZ142,1943.57666015625,2026-08-25 17:37,,,,,False,,,,,,,202608230434-KFWD-WWUS74-NPWFWD,Fenske,2026
FWD,2026-08-23 17:00,2026-08-26 02:00,2026-08-23 04:34,202608240200,XH,C,W,3,CON,TXZ143,2168.113037109375,2026-08-25 17:37,,,,,False,,,,,,,202608230434-KFWD-WWUS74-NPWFWD,Fenske,2026
FWD,2026-08-23 17:00,2026-08-26 02:00,2026-08-23 04:34,202608240200,XH,C,W,3,CON,TXZ156,1850.7310791015625,2026-08-25 17:37,,,,,False,,,,,,,202608230434-KFWD-WWUS74-NPWFWD,Fenske,2026
FWD,2026-08-23 17:00,2026-08-26 02:00,2026-08-23 04:34,202608240200,XH,C,W,3,CON,TXZ157,2739.294677734375,2026-08-25 17:37,,,,,False,,,,,,,202608230434-KFWD-WWUS74-NPWFWD,Fenske,2026
FWD,2026-08-23 17:00,2026-08-26 02:00,2026-08-23 01:39,202608240200,XH,C,W,3,CON,TXZ091,2431.44677734375,2026-08-25 17:37,,,,,False,,,,,,,202608230139-KFWD-WWUS74-NPWFWD,Darrah,2026
FWD,2026-08-23 17:00,2026-08-26 02:00,2026-08-23 01:39,202608240200,XH,C,W,3,CON,TXZ092,2328.731689453125,2026-08-25 17:37,,,,,False,,,,,,,202608230139-KFWD-WWUS74-NPWFWD,Darrah,2026
FWD,2026-08-23 17:00,2026-08-26 02:00,2026-08-23 01:39,202608240200,XH,C,W,3,CON,TXZ093,2537.125732421875,2026-08-25 17:37,,,,,False,,,,,,,202608230139-KFWD-WWUS74-NPWFWD,Darrah,2026
FWD,2026-08-23 17:00,2026-08-26 02:00,2026-08-23 01:39,202608240200,XH,C,W,3,CON,TXZ094,2329.727294921875,2026-08-25 17:37,,,,,False,,,,,,,202608230139-KFWD-WWUS74-NPWFWD,Darrah,2026
FWD,2026-08-23 17:00,2026-08-26 02:00,2026-08-23 01:39,202608240200,XH,C,W,3,CON,TXZ100,2411.92529296875,2026-08-25 17:37,,,,,False,,,,,,,202608230139-KFWD-WWUS74-NPWFWD,Darrah,2026
FWD,2026-08-23 17:00,2026-08-26 02:00,2026-08-23 01:39,202608240200,XH,C,W,3,CON,TXZ101,2384.284912109375,2026-08-25 17:37,,,,,False,,,,,,,202608230139-KFWD-WWUS74-NPWFWD,Darrah,2026
FWD,2026-08-23 17:00,2026-08-26 02:00,2026-08-23 01:39,202608240200,XH,C,W,3,CON,TXZ102,2391.205078125,2026-08-25 17:37,,,,,False,,,,,,,202608230139-KFWD-WWUS74-NPWFWD,Darrah,2026
FWD,2026-08-23 17:00,2026-08-26 02:00,2026-08-23 01:39,202608240200,XH,C,W,3,CON,TXZ103,2481.98583984375,2026-08-25 17:37,,,,,False,,,,,,,202608230139-KFWD-WWUS74-NPWFWD,Darrah,2026
FWD,2026-08-23 17:00,2026-08-26 02:00,2026-08-23 01:39,202608240200,XH,C,W,3,CON,TXZ104,2295.47705078125,2026-08-25 17:37,,,,,False,,,,,,,202608230139-KFWD-WWUS74-NPWFWD,Darrah,2026
FWD,2026-08-23 17:00,2026-08-26 02:00,2026-08-23 01:39,202608240200,XH,C,W,3,CON,TXZ105,2285.79638671875,2026-08-25 17:37,,,,,False,,,,,,,202608230139-KFWD-WWUS74-NPWFWD,Darrah,2026
FWD,2026-08-23 17:00,2026-08-26 02:00,2026-08-23 01:39,202608240200,XH,C,W,3,CON,TXZ115,2388.110107421875,2026-08-25 17:37,,,,,False,,,,,,,202608230139-KFWD-WWUS74-NPWFWD,Darrah,2026
FWD,2026-08-23 17:00,2026-08-26 02:00,2026-08-23 01:39,202608240200,XH,C,W,3,CON,TXZ116,2553.9892578125,2026-08-25 17:37,,,,,False,,,,,,,202608230139-KFWD-WWUS74-NPWFWD,Darrah,2026
FWD,2026-08-23 17:00,2026-08-26 02:00,2026-08-23 01:39,202608240200,XH,C,W,3,CON,TXZ117,2358.543212890625,2026-08-25 17:37,,,,,False,,,,,,,202608230139-KFWD-WWUS74-NPWFWD,Darrah,2026
FWD,2026-08-23 17:00,2026-08-26 02:00,2026-08-23 01:39,202608240200,XH,C,W,3,CON,TXZ118,2325.8603515625,2026-08-25 17:37,,,,,False,,,,,,,202608230139-KFWD-WWUS74-NPWFWD,Darrah,2026
FWD,2026-08-23 17:00,2026-08-26 02:00,2026-08-23 01:39,202608240200,XH,C,W,3,CON,TXZ119,2354.464599609375,2026-08-25 17:37,,,,,False,,,,,,,202608230139-KFWD-WWUS74-NPWFWD,Darrah,2026
FWD,2026-08-23 17:00,2026-08-26 02:00,2026-08-23 01:39,202608240200,XH,C,W,3,CON,TXZ132,497.27447509765625,2026-08-25 17:37,,,,,False,,,,,,,202608230139-KFWD-WWUS74-NPWFWD,Darrah,2026
FWD,2026-08-23 17:00,2026-08-26 02:00,2026-08-23 01:39,202608240200,XH,C,W,3,CON,TXZ134,2466.30029296875,2026-08-25 17:37,,,,,False,,,,,,,202608230139-KFWD-WWUS74-NPWFWD,Darrah,2026
FWD,2026-08-23 17:00,2026-08-26 02:00,2026-08-23 01:39,202608240200,XH,C,W,3,CON,TXZ144,2598.81591796875,2026-08-25 17:37,,,,,False,,,,,,,202608230139-KFWD-WWUS74-NPWFWD,Darrah,2026
FWD,2026-08-23 17:00,2026-08-26 02:00,2026-08-23 01:39,202608240200,XH,C,W,3,CON,TXZ145,2554.8603515625,2026-08-25 17:37,,,,,False,,,,,,,202608230139-KFWD-WWUS74-NPWFWD,Darrah,2026
FWD,2026-08-23 17:00,2026-08-26 02:00,2026-08-23 01:39,202608240200,XH,C,W,3,CON,TXZ146,2815.175537109375,2026-08-25 17:37,,,,,False,,,,,,,202608230139-KFWD-WWUS74-NPWFWD,Darrah,2026
FWD,2026-08-23 17:00,2026-08-26 02:00,2026-08-23 01:39,202608240200,XH,C,W,3,CON,TXZ159,2748.083740234375,2026-08-25 17:37,,,,,False,,,,,,,202608230139-KFWD-WWUS74-NPWFWD,Darrah,2026
FWD,2026-08-25 02:00,2026-08-27 09:11,2026-08-24 18:30,202608260200,HT,C,Y,29,CAN,TXZ095,2415.989013671875,2026-08-27 09:11,,,,,False,,,,,,,202608241830-KFWD-WWUS74-NPWFWD,Bonnette,2026
FWD,2026-08-25 02:00,2026-08-28 01:00,2026-08-24 18:30,202608260200,HT,C,Y,29,CON,TXZ106,719.8109741210938,2026-08-27 18:02,,,,,False,,,,,,,202608241830-KFWD-WWUS74-NPWFWD,Bonnette,2026
FWD,2026-08-26 02:00,2026-08-26 10:15,2026-08-25 17:37,202608270200,HT,C,Y,29,CAN,TXZ091,2431.44677734375,2026-08-26 10:15,,,,,False,,,,,,,202608251737-KFWD-WWUS74-NPWFWD,Bonnette,2026
FWD,2026-08-26 02:00,2026-08-26 10:15,2026-08-25 17:37,202608270200,HT,C,Y,29,CAN,TXZ092,2328.731689453125,2026-08-26 10:15,,,,,False,,,,,,,202608251737-KFWD-WWUS74-NPWFWD,Bonnette,2026
FWD,2026-08-26 02:00,2026-08-26 10:15,2026-08-25 17:37,202608270200,HT,C,Y,29,CAN,TXZ100,2411.92529296875,2026-08-26 10:15,,,,,False,,,,,,,202608251737-KFWD-WWUS74-NPWFWD,Bonnette,2026
FWD,2026-08-26 02:00,2026-08-26 10:15,2026-08-25 17:37,202608270200,HT,C,Y,29,CAN,TXZ101,2384.284912109375,2026-08-26 10:15,,,,,False,,,,,,,202608251737-KFWD-WWUS74-NPWFWD,Bonnette,2026
FWD,2026-08-26 02:00,2026-08-26 10:15,2026-08-25 17:37,202608270200,HT,C,Y,29,CAN,TXZ115,2388.110107421875,2026-08-26 10:15,,,,,False,,,,,,,202608251737-KFWD-WWUS74-NPWFWD,Bonnette,2026
FWD,2026-08-26 02:00,2026-08-27 02:00,2026-08-25 17:37,202608270200,HT,C,Y,29,CON,TXZ141,2456.103271484375,2026-08-26 16:20,,,,,False,,,,,,,202608251737-KFWD-WWUS74-NPWFWD,Bonnette,2026
FWD,2026-08-26 02:00,2026-08-27 02:00,2026-08-25 17:37,202608270200,HT,C,Y,29,CON,TXZ142,1943.57666015625,2026-08-26 16:20,,,,,False,,,,,,,202608251737-KFWD-WWUS74-NPWFWD,Bonnette,2026
FWD,2026-08-26 02:00,2026-08-28 01:00,2026-08-25 17:37,202608270200,HT,C,Y,29,CON,TXZ131,1131.8604736328125,2026-08-27 18:02,,,,,False,,,,,,,202608251737-KFWD-WWUS74-NPWFWD,Bonnette,2026
FWD,2026-08-26 02:00,2026-08-28 01:00,2026-08-25 17:37,202608270200,HT,C,Y,29,CON,TXZ132,497.27447509765625,2026-08-27 18:02,,,,,False,,,,,,,202608251737-KFWD-WWUS74-NPWFWD,Bonnette,2026
FWD,2026-08-26 02:00,2026-08-28 01:00,2026-08-25 17:37,202608270200,HT,C,Y,29,CON,TXZ133,1903.355712890625,2026-08-27 18:02,,,,,False,,,,,,,202608251737-KFWD-WWUS74-NPWFWD,Bonnette,2026
FWD,2026-08-26 02:00,2026-08-28 01:00,2026-08-25 17:37,202608270200,HT,C,Y,29,CON,TXZ134,2466.30029296875,2026-08-27 18:02,,,,,False,,,,,,,202608251737-KFWD-WWUS74-NPWFWD,Bonnette,2026
FWD,2026-08-26 02:00,2026-08-26 10:15,2026-08-25 17:37,202608270200,HT,C,Y,29,CAN,TXZ116,2553.9892578125,2026-08-26 10:15,,,,,False,,,,,,,202608251737-KFWD-WWUS74-NPWFWD,Bonnette,2026
FWD,2026-08-26 02:00,2026-08-26 10:15,2026-08-25 17:37,202608270200,HT,C,Y,29,CAN,TXZ129,2415.1904296875,2026-08-26 10:15,,,,,False,,,,,,,202608251737-KFWD-WWUS74-NPWFWD,Bonnette,2026
FWD,2026-08-26 02:00,2026-08-27 09:11,2026-08-25 17:37,202608270200,HT,C,Y,29,CAN,TXZ093,2537.125732421875,2026-08-27 09:11,,,,,False,,,,,,,202608251737-KFWD-WWUS74-NPWFWD,Bonnette,2026
FWD,2026-08-26 02:00,2026-08-27 09:11,2026-08-25 17:37,202608270200,HT,C,Y,29,CAN,TXZ094,2329.727294921875,2026-08-27 09:11,,,,,False,,,,,,,202608251737-KFWD-WWUS74-NPWFWD,Bonnette,2026
FWD,2026-08-25 02:00,2026-08-28 01:00,2026-08-24 18:30,202608260200,HT,C,Y,29,CON,TXZ161,2418.9755859375,2026-08-27 18:02,,,,,False,,,,,,,202608241830-KFWD-WWUS74-NPWFWD,Bonnette,2026
FWD,2026-08-25 02:00,2026-08-28 01:00,2026-08-24 18:30,202608260200,HT,C,Y,29,CON,TXZ162,2800.714111328125,2026-08-27 18:02,,,,,False,,,,,,,202608241830-KFWD-WWUS74-NPWFWD,Bonnette,2026
FWD,2026-08-25 02:00,2026-08-28 01:00,2026-08-24 18:30,202608260200,HT,C,Y,29,CON,TXZ174,2648.720458984375,2026-08-27 18:02,,,,,False,,,,,,,202608241830-KFWD-WWUS74-NPWFWD,Bonnette,2026
FWD,2026-08-26 02:00,2026-08-28 01:00,2026-08-25 17:37,202608270200,HT,C,Y,29,CON,TXZ102,2391.205078125,2026-08-27 18:02,,,,,False,,,,,,,202608251737-KFWD-WWUS74-NPWFWD,Bonnette,2026
FWD,2026-08-26 02:00,2026-08-27 02:00,2026-08-25 17:37,202608270200,HT,C,Y,29,CON,TXZ130,2824.395263671875,2026-08-26 16:20,,,,,False,,,,,,,202608251737-KFWD-WWUS74-NPWFWD,Bonnette,2026
FWD,2026-08-26 02:00,2026-08-27 02:00,2026-08-25 17:37,202608270200,HT,C,Y,29,CON,TXZ143,2168.113037109375,2026-08-26 16:20,,,,,False,,,,,,,202608251737-KFWD-WWUS74-NPWFWD,Bonnette,2026
FWD,2026-08-26 02:00,2026-08-27 02:00,2026-08-25 17:37,202608270200,HT,C,Y,29,CON,TXZ156,1850.7310791015625,2026-08-26 16:20,,,,,False,,,,,,,202608251737-KFWD-WWUS74-NPWFWD,Bonnette,2026
FWD,2026-08-26 22:32,2026-08-26 23:10,2026-08-26 22:32,202608262330,SV,C,W,245,CAN,TXC497,2391.205078125,2026-08-26 23:10,,,,,False,,,,,,,202608262232-KFWD-WUUS54-SVRFWD,Langfeld,2026
FWD,2026-08-26 22:32,2026-08-26 23:22,2026-08-26 22:32,202608262330,SV,C,W,245,CAN,TXC121,2481.98583984375,2026-08-26 23:22,,,,,False,,,,,,,202608262232-KFWD-WUUS54-SVRFWD,Langfeld,2026
FWD,2026-08-26 22:58,2026-08-26 23:38,2026-08-26 22:58,202608270000,SV,C,W,246,CAN,TXC113,2354.464599609375,2026-08-26 23:38,,,,,False,,,,,,,202608262258-KFWD-WUUS54-SVRFWD,Langfeld,2026
FWD,2026-08-26 22:32,2026-08-26 23:30,2026-08-26 22:32,202608262330,SV,C,W,245,CON,TXC439,2325.8603515625,2026-08-26 23:22,,,,,False,,,,,,,202608262232-KFWD-WUUS54-SVRFWD,Langfeld,2026
FWD,2026-08-26 22:58,2026-08-26 23:38,2026-08-26 22:58,202608270000,SV,C,W,246,CAN,TXC439,2325.8603515625,2026-08-26 23:38,,,,,False,,,,,,,202608262258-KFWD-WUUS54-SVRFWD,Langfeld,2026
FWD,2026-08-26 02:00,2026-08-28 01:00,2026-08-25 17:37,202608270200,HT,C,Y,29,CON,TXZ103,2481.98583984375,2026-08-27 18:02,,,,,False,,,,,,,202608251737-KFWD-WWUS74-NPWFWD,Bonnette,2026
FWD,2026-08-26 02:00,2026-08-28 01:00,2026-08-25 17:37,202608270200,HT,C,Y,29,CON,TXZ157,2739.294677734375,2026-08-27 18:02,,,,,False,,,,,,,202608251737-KFWD-WWUS74-NPWFWD,Bonnette,2026
FWD,2026-08-25 02:00,2026-08-28 01:00,2026-08-24 18:30,202608260200,HT,C,Y,29,CON,TXZ148,2793.626953125,2026-08-27 18:02,,,,,False,,,,,,,202608241830-KFWD-WWUS74-NPWFWD,Bonnette,2026
FWD,2026-08-25 02:00,2026-08-28 01:00,2026-08-24 18:30,202608260200,HT,C,Y,29,CON,TXZ158,2820.4619140625,2026-08-27 18:02,,,,,False,,,,,,,202608241830-KFWD-WWUS74-NPWFWD,Bonnette,2026
FWD,2026-09-02 10:00,2026-09-04 00:00,2026-09-01 19:35,202609030000,FA,C,A,6,EXP,TXZ147,2312.48291015625,2026-09-03 23:48,00000,0,ER,OO,False,,,,,,,202609011935-KFWD-WGUS64-FFAFWD,Fenske,2026
FWD,2026-09-02 10:00,2026-09-04 00:00,2026-09-02 07:01,202609031800,FA,C,A,6,EXP,TXZ135,2459.52685546875,2026-09-03 23:48,00000,0,ER,OO,False,,,,,,,202609020701-KFWD-WGUS64-FFAFWD,Darrah,2026
FWD,2026-09-03 13:37,2026-09-03 20:00,2026-09-03 13:37,202609031630,FF,C,W,83,EXP,TXC289,2800.714111328125,2026-09-03 19:59,00000,0,ER,OO,False,,,,,,,202609031337-KFWD-WGUS54-FFWFWD,Schroeder,2026
FWD,2026-09-03 12:40,2026-09-03 17:39,2026-09-03 12:40,202609031545,FF,C,W,82,CAN,TXC161,2312.48291015625,2026-09-03 17:39,00000,0,ER,OO,False,,,,,,,202609031240-KFWD-WGUS54-FFWFWD,Schroeder,2026
FWD,2026-09-03 15:19,2026-09-04 00:00,2026-09-03 15:19,202609040000,FA,C,A,6,EXP,TXZ122,2227.31298828125,2026-09-03 23:48,00000,0,ER,OO,False,,,,,,,202609031519-KFWD-WGUS64-FFAFWD,Bradshaw,2026
FWD,2026-09-03 15:19,2026-09-04 00:00,2026-09-03 15:19,202609040000,FA,C,A,6,EXP,TXZ146,2815.175537109375,2026-09-03 23:48,00000,0,ER,OO,False,,,,,,,202609031519-KFWD-WGUS64-FFAFWD,Bradshaw,2026
FWD,2026-09-03 15:19,2026-09-04 00:00,2026-09-03 15:19,202609040000,FA,C,A,6,EXP,TXZ161,2418.9755859375,2026-09-03 23:48,00000,0,ER,OO,False,,,,,,,202609031519-KFWD-WGUS64-FFAFWD,Bradshaw,2026
FWD,2026-09-03 15:19,2026-09-04 00:00,2026-09-03 15:19,202609040000,FA,C,A,6,EXP,TXZ175,2244.22119140625,2026-09-03 23:48,00000,0,ER,OO,False,,,,,,,202609031519-KFWD-WGUS64-FFAFWD,Bradshaw,2026
FWD,2026-09-02 10:00,2026-09-04 00:00,2026-09-01 19:35,202609030000,FA,C,A,6,EXP,TXZ148,2793.626953125,2026-09-03 23:48,00000,0,ER,OO,False,,,,,,,202609011935-KFWD-WGUS64-FFAFWD,Fenske,2026
FWD,2026-09-03 15:35,2026-09-03 17:30,2026-09-03 15:35,202609031730,FA,C,Y,118,NEW,TXC289,2800.714111328125,2026-09-03 15:35,00000,N,ER,OO,False,,,,,,,202609031535-KFWD-WGUS84-FLSFWD,Schroeder,2026
FWD,2026-09-03 15:35,2026-09-03 17:30,2026-09-03 15:35,202609031730,FA,C,Y,118,NEW,TXC395,2244.22119140625,2026-09-03 15:35,00000,N,ER,OO,False,,,,,,,202609031535-KFWD-WGUS84-FLSFWD,Schroeder,2026
FWD,2026-09-03 15:55,2026-09-03 19:00,2026-09-03 15:55,202609031900,FF,C,W,84,EXP,TXC161,2312.48291015625,2026-09-03 19:09,00000,0,ER,OO,False,,,,,,,202609031555-KFWD-WGUS54-FFWFWD,Schroeder,2026
FWD,2026-09-03 17:39,2026-09-03 19:30,2026-09-03 17:39,202609031930,FA,C,W,13,NEW,TXC161,2312.48291015625,2026-09-03 17:39,00000,0,ER,OO,False,,,,,,,202609031739-KFWD-WGUS44-FLWFWD,Hernandez,2026
FWD,2026-09-03 17:39,2026-09-03 19:30,2026-09-03 17:39,202609031930,FA,C,W,13,NEW,TXC289,2800.714111328125,2026-09-03 17:39,00000,0,ER,OO,False,,,,,,,202609031739-KFWD-WGUS44-FLWFWD,Hernandez,2026
FWD,2026-09-03 17:39,2026-09-03 19:30,2026-09-03 17:39,202609031930,FA,C,W,13,NEW,TXC293,2418.9755859375,2026-09-03 17:39,00000,0,ER,OO,False,,,,,,,202609031739-KFWD-WGUS44-FLWFWD,Hernandez,2026
FWD,2026-09-02 10:00,2026-09-04 00:00,2026-09-01 19:35,202609030000,FA,C,A,6,EXP,TXZ162,2800.714111328125,2026-09-03 23:48,00000,0,ER,OO,False,,,,,,,202609011935-KFWD-WGUS64-FFAFWD,Fenske,2026
FWD,2026-09-05 17:00,2026-09-07 01:00,2026-09-05 05:34,202609060000,HT,C,Y,30,EXT,TXZ094,2329.727294921875,2026-09-05 17:25,,,,,False,,,,,,,202609050534-KFWD-WWUS74-NPWFWD,Darrah,2026
FWD,2026-09-05 17:00,2026-09-07 01:00,2026-09-05 05:34,202609060000,HT,C,Y,30,EXT,TXZ095,2415.989013671875,2026-09-05 17:25,,,,,False,,,,,,,202609050534-KFWD-WWUS74-NPWFWD,Darrah,2026
FWD,2026-09-05 17:00,2026-09-07 01:00,2026-09-05 05:34,202609060000,HT,C,Y,30,EXT,TXZ105,2285.79638671875,2026-09-05 17:25,,,,,False,,,,,,,202609050534-KFWD-WWUS74-NPWFWD,Darrah,2026
FWD,2026-09-05 17:00,2026-09-07 01:00,2026-09-05 05:34,202609060000,HT,C,Y,30,EXT,TXZ106,719.8109741210938,2026-09-05 17:25,,,,,False,,,,,,,202609050534-KFWD-WWUS74-NPWFWD,Darrah,2026
FWD,2026-09-05 17:00,2026-09-07 01:00,2026-09-05 05:34,202609060000,HT,C,Y,30,EXT,TXZ107,2054.214111328125,2026-09-05 17:25,,,,,False,,,,,,,202609050534-KFWD-WWUS74-NPWFWD,Darrah,2026
