{
  "n_test": 2182,
  "base_rate": 0.33134737610816956,
  "cnn_prauc": 0.48478025478588616,
  "refl_prauc": 0.2586095494773946,
  "vshear_prauc": 0.33720439176376793,
  "fp_by_subtype": {
    "warning_no_torn": [
      26,
      524
    ],
    "wind": [
      235,
      462
    ],
    "hail": [
      205,
      473
    ]
  }
}