{
  "model_sha256": "c0500889dd186c42e956748fc00c58d0fe7656838a827b1a18f855821c24cd60",
  "training_run": "20260527_162806",
  "git_commit": "f2df4824129b4eb10d9e34f3bdbad89ce2333ae3",
  "preprocess_version": "1.0",
  "threshold_recommended": 0.8,
  "eval_summary": {
    "n_test": 2182,
    "base_rate": 0.33134737610816956,
    "cnn_prauc": 0.48478025478588616,
    "refl_prauc": 0.2586095494773946,
    "vshear_prauc": 0.33720439176376793,
    "warning_no_torn_fp_rate": 0.04961832061068702,
    "hail_fp_rate": 0.4334038054968287,
    "wind_fp_rate": 0.5086580086580086
  },
  "training_summary": {
    "best_val_prauc": 0.6596807412508814,
    "best_epoch": 1,
    "epochs_done": 3,
    "early_stopped": true,
    "patience": 2,
    "train_pos": 4354,
    "train_neg": 6946,
    "dataset_fingerprint": "52eeff9d84dc3502"
  },
  "created_utc": "2026-05-27T21:28:11Z"
}
